state,account_length,area_code,phone_number,international_plan,voice_mail_plan,number_vmail_messages,total_day_minutes,total_day_calls,total_day_charge,total_eve_minutes,total_eve_calls,total_eve_charge,total_night_minutes,total_night_calls,total_night_charge,total_intl_minutes,total_intl_calls,total_intl_charge,number_customer_service_calls,class
27,110,415,2600.0,0,0,0,190.0,95,32.0,210.0,105,18.0,220.0,110,10.0,12.0,5,3.0,1,0
12,45,408,1500.0,0,1,5,120.0,60,20.0,140.0,80,15.0,160.0,80,8.0,9.0,3,2.0,0,0
45,200,510,4000.0,1,0,30,300.0,140,45.0,320.0,140,25.0,330.0,150,15.0,18.0,12,4.0,2,1
5,20,415,800.0,0,0,0,70.0,30,10.0,80.0,50,10.0,90.0,40,5.0,6.0,2,1.0,3,0
38,150,408,3500.0,0,1,20,250.0,120,35.0,280.0,120,22.0,280.0,130,12.0,15.0,8,3.5,4,0
23,90,510,1800.0,0,0,0,160.0,70,25.0,190.0,90,17.0,210.0,100,9.0,11.0,4,2.5,5,0
50,220,415,4800.0,1,1,40,330.0,150,50.0,340.0,150,28.0,360.0,160,16.0,18.0,15,5.0,6,1
15,60,408,1200.0,0,0,2,110.0,55,18.0,130.0,70,13.0,140.0,70,7.0,8.0,3,1.5,7,0
30,140,510,2600.0,0,1,10,200.0,90,28.0,240.0,110,20.0,250.0,120,11.0,13.0,6,2.8,8,0
8,25,415,700.0,0,0,0,80.0,35,12.0,90.0,55,12.0,100.0,45,6.0,7.0,2,1.0,9,0
42,170,408,3800.0,0,1,25,280.0,130,40.0,310.0,130,24.0,320.0,140,13.0,16.0,9,4.2,1,1
19,80,510,1900.0,0,0,0,170.0,75,27.0,200.0,95,18.0,220.0,110,9.0,12.0,5,2.7,0,0
33,130,415,2700.0,0,1,15,210.0,100,30.0,260.0,115,21.0,270.0,125,12.0,14.0,7,3.2,2,0
4,10,408,500.0,0,0,0,50.0,20,8.0,60.0,40,9.0,70.0,30,4.0,5.0,1,0.5,3,0
47,210,510,4600.0,1,1,35,310.0,140,48.0,330.0,140,27.0,340.0,155,15.0,17.0,13,4.8,4,1
14,55,415,1400.0,0,0,3,130.0,60,22.0,150.0,75,14.0,140.0,80,8.0,9.0,4,1.8,5,0
36,160,408,3100.0,0,1,20,240.0,110,34.0,290.0,125,23.0,300.0,135,13.0,15.0,8,3.5,6,0
2,5,510,300.0,0,0,0,30.0,10,5.0,30.0,35,5.0,20.0,10,2.0,3.0,1,0.2,7,0
41,190,415,4200.0,0,1,28,290.0,125,42.0,310.0,135,26.0,330.0,145,14.0,16.0,11,4.5,8,1
18,70,408,1700.0,0,0,4,140.0,70,24.0,170.0,85,16.0,170.0,90,9.0,10.0,5,2.3,9,0
29,120,510,2800.0,0,1,12,210.0,95,29.0,250.0,110,19.0,260.0,115,11.0,13.0,6,3.0,1,0
7,15,415,600.0,0,0,0,70.0,30,10.0,80.0,55,12.0,90.0,45,6.0,7.0,2,1.0,0,0
44,190,408,4300.0,0,1,30,320.0,140,48.0,330.0,140,27.0,350.0,155,15.0,18.0,13,5.0,2,1
13,40,510,1300.0,0,0,1,120.0,55,20.0,140.0,75,14.0,140.0,80,8.0,9.0,4,1.9,3,0
35,140,415,3100.0,0,1,18,230.0,110,32.0,280.0,120,22.0,300.0,130,12.0,15.0,8,3.3,4,0
1,3,408,200.0,0,0,0,40.0,15,6.0,50.0,40,6.0,30.0,15,3.0,4.0,1,0.3,5,0
48,220,510,4700.0,1,1,32,330.0,145,49.0,340.0,145,28.0,360.0,160,16.0,18.0,14,5.0,6,1
20,90,415,1900.0,0,0,5,160.0,70,26.0,190.0,90,17.0,210.0,100,9.0,11.0,5,2.6,7,0
26,110,408,2400.0,0,1,10,190.0,90,30.0,240.0,110,20.0,260.0,115,11.0,13.0,6,3.0,8,0
9,20,510,800.0,0,0,0,90.0,35,12.0,90.0,55,12.0,100.0,45,6.0,7.0,2,1.0,9,0
40,180,415,4100.0,0,1,25,280.0,120,40.0,310.0,135,26.0,330.0,145,14.0,16.0,11,4.5,1,1
16,60,408,1500.0,0,0,2,120.0,55,20.0,140.0,75,14.0,140.0,80,8.0,9.0,4,1.8,2,0
43,200,510,4400.0,1,1,35,310.0,140,48.0,330.0,140,27.0,350.0,155,15.0,18.0,13,5.0,3,1
3,8,415,400.0,0,0,0,60.0,25,9.0,70.0,45,10.0,70.0,35,5.0,6.0,1,0.4,4,0
46,210,408,4600.0,0,1,30,300.0,140,45.0,320.0,140,26.0,340.0,150,14.0,17.0,12,4.7,5,0
10,25,510,900.0,0,0,0,100.0,40,13.0,100.0,60,13.0,110.0,50,7.0,8.0,3,1.2,6,0
34,140,415,3200.0,0,1,20,240.0,110,33.0,280.0,120,22.0,310.0,130,12.0,15.0,8,3.4,7,0
6,12,408,500.0,0,0,0,70.0,25,8.0,70.0,45,9.0,70.0,35,5.0,6.0,1,0.5,8,0
39,170,510,3900.0,1,1,35,310.0,140,47.0,330.0,140,27.0,360.0,155,15.0,18.0,13,5.0,9,1
17,70,415,1600.0,0,0,3,140.0,70,24.0,170.0,85,16.0,170.0,90,9.0,10.0,5,2.4,1,0
27,110,408,2600.0,0,1,12,190.0,90,30.0,240.0,110,20.0,260.0,115,11.0,13.0,6,3.0,2,0
5,5,510,300.0,0,0,0,30.0,10,5.0,30.0,35,5.0,20.0,10,2.0,3.0,1,0.2,3,0
45,190,415,4300.0,0,1,30,320.0,140,48.0,330.0,140,27.0,350.0,155,15.0,18.0,13,5.0,4,1
12,35,408,1200.0,0,0,1,110.0,55,20.0,140.0,75,14.0,140.0,80,8.0,9.0,4,1.9,5,0
38,150,510,3500.0,0,1,25,260.0,120,38.0,290.0,125,24.0,310.0,140,13.0,16.0,9,4.1,6,0
2,8,415,400.0,0,0,0,60.0,25,9.0,70.0,45,10.0,70.0,35,5.0,6.0,1,0.4,7,0
49,210,408,4700.0,1,1,30,320.0,140,48.0,330.0,140,27.0,350.0,155,15.0,18.0,13,5.0,8,1
15,55,510,1400.0,0,0,2,120.0,55,20.0,140.0,75,14.0,140.0,80,8.0,9.0,4,1.8,9,0
30,120,415,2800.0,0,1,10,210.0,95,29.0,250.0,110,19.0,260.0,115,11.0,13.0,6,3.0,1,0
8,20,408,700.0,0,0,0,80.0,35,12.0,90.0,55,12.0,100.0,45,6.0,7.0,2,1.0,2,0
12,110,415,3200.0,0,0,5,180.0,110,32.0,250.0,105,18.0,260.0,90,10.0,12.0,4,3.5,0,0
38,150,408,4100.0,0,1,20,170.0,120,29.0,200.0,110,15.0,220.0,80,9.0,11.0,3,3.2,1,0
5,70,510,800.0,1,0,0,160.0,90,27.0,300.0,95,20.0,280.0,110,12.0,14.0,5,4.0,2,0
45,200,415,4800.0,0,0,10,190.0,140,35.0,310.0,140,22.0,330.0,150,14.0,17.0,9,4.9,3,1
22,90,408,2500.0,0,1,15,140.0,80,25.0,210.0,100,16.0,240.0,100,8.0,9.0,2,2.5,4,0
30,120,510,3500.0,0,0,25,170.0,110,28.0,260.0,115,19.0,270.0,120,11.0,13.0,6,3.8,5,0
2,50,415,1500.0,1,1,30,150.0,70,20.0,190.0,90,14.0,200.0,80,7.0,8.0,1,1.5,6,0
48,180,408,4700.0,0,0,5,200.0,150,40.0,340.0,150,25.0,360.0,160,16.0,19.0,12,5.2,7,1
15,80,510,2200.0,0,1,12,130.0,60,22.0,180.0,85,13.0,190.0,70,6.0,7.0,0,1.0,8,0
27,110,415,3100.0,0,0,8,160.0,100,30.0,240.0,110,18.0,260.0,90,9.0,12.0,4,3.0,9,0
40,140,408,4200.0,0,1,18,190.0,130,34.0,310.0,140,21.0,320.0,140,14.0,17.0,9,4.5,0,1
3,60,510,1800.0,1,0,5,140.0,80,25.0,200.0,95,15.0,210.0,100,8.0,10.0,3,2.0,1,0
35,170,415,4600.0,0,0,22,210.0,140,38.0,330.0,150,23.0,350.0,155,15.0,18.0,11,5.1,2,0
10,75,408,2600.0,0,1,10,150.0,90,28.0,220.0,105,17.0,250.0,110,10.0,12.0,5,3.5,3,0
42,190,510,4800.0,0,0,30,220.0,150,42.0,350.0,160,26.0,380.0,170,16.0,19.0,13,5.2,4,1
6,55,415,1400.0,1,1,20,120.0,70,18.0,170.0,80,12.0,180.0,70,5.0,6.0,1,1.2,5,0
28,130,408,3300.0,0,0,15,170.0,110,30.0,250.0,115,19.0,270.0,120,11.0,13.0,6,3.8,6,0
18,95,510,2000.0,0,1,25,140.0,90,27.0,210.0,100,16.0,230.0,100,9.0,11.0,4,2.8,7,0
32,160,415,4400.0,0,0,10,200.0,140,36.0,310.0,140,22.0,340.0,150,14.0,17.0,9,4.9,8,1
9,70,408,1900.0,1,0,5,130.0,80,24.0,190.0,90,14.0,210.0,90,7.0,9.0,2,1.8,9,0
23,140,510,2700.0,0,1,18,160.0,110,29.0,240.0,110,18.0,260.0,110,10.0,12.0,5,3.0,0,0
41,210,415,4900.0,0,0,12,210.0,150,40.0,360.0,150,24.0,370.0,160,15.0,18.0,11,5.1,1,1
4,45,408,1200.0,1,1,10,110.0,60,15.0,150.0,70,10.0,150.0,60,4.0,5.0,0,0.8,2,0
36,190,510,4300.0,0,0,28,220.0,140,45.0,350.0,160,27.0,380.0,170,16.0,19.0,13,5.2,3,0
14,85,415,2100.0,0,1,15,140.0,90,26.0,210.0,100,16.0,240.0,100,9.0,11.0,4,2.9,4,0
39,200,408,4700.0,0,0,5,210.0,150,42.0,360.0,150,24.0,370.0,160,15.0,18.0,11,5.0,5,1
7,55,510,1300.0,1,0,8,120.0,70,20.0,170.0,80,12.0,180.0,70,5.0,6.0,1,1.1,6,0
31,150,415,3500.0,0,1,20,170.0,110,30.0,250.0,115,19.0,270.0,120,11.0,13.0,6,3.8,7,0
19,90,408,2200.0,0,0,12,140.0,90,27.0,210.0,100,16.0,230.0,100,9.0,11.0,4,2.8,8,0
33,170,510,4600.0,0,0,25,210.0,140,40.0,360.0,150,24.0,370.0,160,15.0,18.0,11,5.1,9,1
1,30,415,800.0,1,1,5,100.0,50,15.0,120.0,70,10.0,140.0,60,4.0,5.0,0,0.5,0,0
44,210,408,4800.0,0,0,10,220.0,150,45.0,380.0,160,26.0,390.0,170,16.0,19.0,13,5.2,1,1
13,80,510,1900.0,0,1,18,140.0,90,27.0,210.0,100,16.0,230.0,100,9.0,11.0,4,2.8,2,0
37,190,415,4700.0,0,0,22,210.0,140,40.0,350.0,150,24.0,360.0,160,15.0,18.0,11,5.0,3,0
11,70,408,2100.0,0,1,12,140.0,90,26.0,210.0,100,16.0,240.0,100,9.0,11.0,4,2.9,4,0
46,220,510,4900.0,0,0,30,220.0,150,45.0,370.0,160,27.0,380.0,170,16.0,19.0,13,5.2,5,1
5,55,415,1400.0,1,0,10,120.0,70,18.0,170.0,80,12.0,180.0,70,5.0,6.0,1,1.2,6,0
29,140,408,3300.0,0,1,15,170.0,110,30.0,250.0,115,19.0,270.0,120,11.0,13.0,6,3.8,7,0
20,100,510,2100.0,0,0,20,140.0,90,27.0,210.0,100,16.0,230.0,100,9.0,11.0,4,2.8,8,0
34,180,415,4600.0,0,0,25,210.0,140,40.0,360.0,150,24.0,370.0,160,15.0,18.0,11,5.1,9,1
0,20,408,500.0,1,0,0,80.0,40,10.0,100.0,60,8.0,120.0,50,3.0,4.0,0,0.3,0,0
47,210,510,4800.0,0,1,28,220.0,150,45.0,370.0,160,27.0,380.0,170,16.0,19.0,13,5.2,1,1
2,45,415,1200.0,1,1,10,110.0,60,15.0,150.0,70,10.0,150.0,60,4.0,5.0,0,0.8,2,0
38,190,408,4700.0,0,0,5,210.0,150,42.0,360.0,150,24.0,370.0,160,15.0,18.0,11,5.0,3,0
12,70,510,2100.0,0,1,15,140.0,90,26.0,210.0,100,16.0,240.0,100,9.0,11.0,4,2.9,4,0
43,200,415,4900.0,0,0,12,210.0,150,40.0,350.0,150,24.0,360.0,160,15.0,18.0,11,5.0,5,1
4,50,408,1400.0,1,0,8,120.0,70,18.0,170.0,80,12.0,180.0,70,5.0,6.0,1,1.2,6,0
27,140,510,3300.0,0,1,20,170.0,110,30.0,250.0,115,19.0,270.0,120,11.0,13.0,6,3.8,7,0
15,90,415,2100.0,0,0,12,140.0,90,27.0,210.0,100,16.0,230.0,100,9.0,11.0,4,2.8,8,0
35,170,408,4600.0,0,0,25,210.0,140,40.0,360.0,150,24.0,370.0,160,15.0,18.0,11,5.1,9,1
12,110,415,3000.0,0,0,5,150.2,90,25.3,210.5,95,15.2,190.0,85,7.8,9.5,3,2.5,1,0
38,170,408,4000.0,0,0,12,200.7,120,35.1,250.3,110,18.0,220.0,110,10.2,12.0,5,3.0,0,0
5,60,510,1500.0,0,0,0,80.5,50,15.0,140.0,70,10.0,120.0,60,5.0,6.0,2,1.5,2,0
45,200,415,4800.0,1,1,30,300.0,150,50.0,320.0,140,25.0,350.0,150,15.0,18.0,10,4.5,3,1
22,90,408,2500.0,0,0,8,170.0,80,28.0,190.0,90,16.0,200.0,90,9.0,10.0,4,2.8,1,0
30,140,510,3500.0,0,0,20,220.0,110,32.0,260.0,120,19.0,240.0,120,11.0,13.0,6,3.2,0,0
18,70,415,1800.0,0,0,3,90.0,60,18.0,150.0,75,12.0,130.0,70,6.0,7.0,3,1.8,4,0
50,210,408,4700.0,0,0,25,310.0,140,45.0,330.0,150,27.0,360.0,160,16.0,19.0,12,5.0,5,1
8,50,510,1200.0,0,0,0,70.0,40,12.0,120.0,60,9.0,110.0,55,4.0,5.0,1,1.0,6,0
35,160,415,4100.0,0,0,15,240.0,100,38.0,280.0,130,20.0,260.0,130,12.0,14.0,7,3.5,7,0
27,120,408,3200.0,0,0,10,190.0,90,30.0,220.0,100,17.0,210.0,100,9.0,11.0,5,2.9,8,0
14,80,510,2000.0,0,0,4,110.0,70,20.0,160.0,80,13.0,140.0,80,7.0,8.0,3,1.9,9,0
42,190,415,4600.0,0,0,22,280.0,130,42.0,310.0,140,24.0,340.0,150,15.0,18.0,11,4.2,0,0
6,40,408,1000.0,0,0,0,60.0,30,10.0,100.0,50,8.0,90.0,45,3.0,4.0,1,0.8,1,0
48,220,510,4900.0,0,0,35,330.0,160,55.0,350.0,155,28.0,370.0,170,16.0,20.0,13,5.1,2,1
15,70,408,2100.0,0,0,7,140.0,70,24.0,170.0,80,13.0,140.0,80,7.0,8.0,3,1.9,3,0
28,160,510,3700.0,0,0,19,250.0,120,36.0,280.0,120,22.0,260.0,120,11.0,13.0,7,3.4,4,0
7,45,415,1400.0,0,0,3,90.0,50,18.0,140.0,70,12.0,120.0,70,6.5,7.5,2,1.6,5,0
43,200,408,4300.0,0,0,27,300.0,140,48.0,330.0,140,23.0,330.0,150,15.0,18.5,11,4.3,6,1
11,60,510,1700.0,0,0,5,110.0,60,22.0,160.0,80,13.0,140.0,80,7.0,8.0,3,1.9,7,0
36,190,415,4100.0,0,0,30,280.0,130,42.0,310.0,140,24.0,340.0,150,15.0,18.0,11,4.2,8,0
3,25,408,1100.0,0,0,2,70.0,35,15.0,120.0,70,12.0,120.0,70,6.0,7.0,2,1.7,9,0
47,220,510,4700.0,0,0,35,310.0,150,52.0,340.0,150,26.0,360.0,160,16.0,19.0,12,5.0,0,0
13,85,415,2100.0,0,0,6,140.0,70,24.0,170.0,80,13.0,140.0,80,7.0,8.0,3,1.9,1,0
34,170,408,3900.0,0,0,22,260.0,120,38.0,270.0,125,21.0,260.0,120,11.0,13.0,7,3.4,2,0
1,15,510,700.0,0,0,0,30.0,15,6.0,60.0,35,5.0,60.0,30,1.5,2.5,0,0.4,3,0
44,210,415,4400.0,0,0,28,290.0,140,48.0,320.0,140,23.0,330.0,150,15.0,18.5,11,4.3,4,0
9,55,408,1300.0,0,0,1,80.0,45,15.0,140.0,70,12.0,120.0,70,6.0,7.0,2,1.7,5,0
40,190,510,4100.0,0,0,32,310.0,150,52.0,340.0,150,26.0,360.0,160,16.0,19.0,12,5.0,6,1
17,80,415,2200.0,0,0,8,150.0,80,28.0,190.0,90,15.0,200.0,90,9.0,10.0,4,2.9,7,0
32,140,408,3600.0,0,0,14,220.0,110,33.0,260.0,120,20.0,240.0,120,11.0,13.0,6,3.3,8,0
5,35,510,950.0,0,0,2,60.0,25,9.0,90.0,45,7.0,80.0,40,2.5,3.5,1,0.6,9,0
45,210,415,4400.0,0,0,28,290.0,140,48.0,320.0,140,23.0,330.0,150,15.0,18.5,11,4.3,0,0
12,65,408,1700.0,0,0,4,110.0,60,22.0,160.0,80,13.0,140.0,80,7.0,8.0,3,1.9,1,0
38,170,510,3800.0,0,0,20,240.0,110,34.0,280.0,125,21.0,260.0,120,11.0,13.0,7,3.4,2,0
0,10,415,800.0,0,0,0,40.0,20,8.0,80.0,40,6.0,70.0,35,2.0,3.0,0,0.5,3,0
49,230,510,4900.0,0,0,40,330.0,160,54.0,350.0,155,27.0,370.0,170,16.0,20.0,13,5.1,4,1
14,75,415,2100.0,0,0,6,140.0,70,24.0,170.0,80,13.0,140.0,80,7.0,8.0,3,1.9,5,0
27,120,408,3200.0,0,0,10,190.0,90,30.0,220.0,100,17.0,210.0,100,9.0,11.0,5,2.9,6,0
22,95,510,2600.0,0,0,9,180.0,80,27.0,190.0,90,15.0,200.0,90,9.0,10.0,4,2.9,7,0
12,90,415,3124.0,0,1,5,150.3,95,28.7,210.4,110,15.2,190.6,105,8.5,9.8,3,2.1,1,0
47,210,408,4789.0,0,0,0,310.1,140,52.3,320.2,140,24.5,350.3,155,15.2,18.2,12,4.8,0,0
3,45,510,1123.0,1,0,12,80.5,60,15.4,120.7,70,10.1,110.2,80,6.3,5.5,2,1.2,2,1
29,140,415,2345.0,0,1,0,190.2,110,35.6,190.9,95,18.3,210.4,120,9.7,12.1,5,2.9,3,0
22,110,510,4102.0,0,0,0,170.4,90,27.5,180.3,85,14.2,200.1,95,8.9,11.0,4,2.4,0,0
35,150,408,3650.0,0,1,3,220.7,120,38.2,210.5,100,18.0,230.0,110,10.0,13.5,6,3.0,1,0
5,30,510,890.0,1,0,8,60.2,45,12.3,80.5,55,9.5,70.0,50,4.5,4.0,1,0.8,2,1
48,220,415,4900.0,0,0,0,330.0,150,55.0,340.0,155,28.0,360.0,160,16.0,19.0,16,5.0,0,0
14,70,408,2100.0,0,1,2,140.5,80,25.0,140.0,90,15.0,150.0,90,9.0,10.0,5,2.5,1,0
27,120,510,3200.0,0,0,0,200.0,100,30.0,190.0,95,17.0,200.0,100,9.5,12.0,5,3.0,3,0
39,190,415,4500.0,0,1,0,280.0,130,45.0,260.0,120,22.0,310.0,140,12.0,15.0,8,4.0,0,0
2,25,510,600.0,1,0,5,50.0,30,10.0,60.0,40,8.0,70.0,40,3.5,3.0,1,0.5,4,1
18,85,408,1800.0,0,1,0,120.0,70,20.0,110.0,75,12.0,140.0,80,7.0,8.0,3,1.5,1,0
33,160,415,4000.0,0,0,0,250.0,120,35.0,200.0,100,18.0,220.0,110,10.0,12.0,6,3.0,2,0
45,200,510,4700.0,0,1,0,300.0,140,50.0,280.0,130,25.0,330.0,150,13.0,16.0,10,5.0,0,0
7,40,408,950.0,1,0,10,70.0,50,15.0,90.0,60,10.0,100.0,60,5.0,6.0,2,1.0,3,1
52,230,415,4800.0,0,0,0,340.0,160,58.0,350.0,160,30.0,370.0,170,17.0,20.0,18,5.3,0,0
15,55,510,1300.0,0,1,0,90.0,60,18.0,120.0,70,12.0,140.0,80,7.0,9.0,4,2.0,1,0
28,140,408,2600.0,0,0,0,200.0,110,32.0,190.0,95,17.0,210.0,110,9.0,12.0,5,3.0,2,0
36,170,415,3500.0,0,1,0,260.0,130,40.0,240.0,120,22.0,280.0,140,12.0,15.0,8,4.0,0,0
4,20,510,700.0,1,0,3,70.0,40,12.0,80.0,55,9.0,90.0,50,4.0,5.0,1,0.8,5,1
23,110,415,3100.0,0,0,0,180.0,90,28.0,190.0,95,15.0,200.0,100,9.0,11.0,4,2.5,1,0
49,240,408,4900.0,0,1,0,350.0,170,60.0,360.0,170,30.0,380.0,170,17.0,20.0,18,5.3,0,0
10,60,510,1500.0,1,0,7,100.0,70,20.0,120.0,80,13.0,150.0,90,8.0,9.0,4,2.0,2,1
31,150,415,3200.0,0,0,0,210.0,110,33.0,200.0,100,18.0,220.0,110,9.5,12.0,5,3.0,3,0
42,210,408,4600.0,0,1,0,310.0,140,50.0,310.0,140,24.0,350.0,150,15.0,18.0,12,4.5,1,0
6,35,510,900.0,1,0,2,80.0,50,15.0,90.0,60,10.0,100.0,60,5.0,6.0,2,1.0,4,1
24,120,415,3300.0,0,0,0,190.0,100,30.0,190.0,95,17.0,200.0,100,9.0,11.0,4,2.5,0,0
37,180,408,4200.0,0,1,0,270.0,130,45.0,260.0,120,22.0,310.0,140,12.0,15.0,8,4.0,2,0
9,70,510,2000.0,1,0,5,110.0,70,22.0,140.0,80,13.0,170.0,90,8.0,10.0,5,2.5,1,0
20,90,415,2800.0,0,0,0,160.0,80,25.0,150.0,90,15.0,170.0,90,8.0,10.0,5,2.5,3,0
44,210,408,4700.0,0,1,0,320.0,140,48.0,310.0,140,24.0,350.0,150,15.0,18.0,12,4.8,0,0
1,10,510,400.0,1,0,1,30.0,20,5.0,40.0,30,6.0,50.0,30,2.0,2.0,1,0.5,5,1
26,130,415,3100.0,0,0,0,190.0,90,28.0,190.0,95,15.0,200.0,100,9.0,11.0,4,2.5,1,0
38,190,408,4300.0,0,1,0,280.0,130,45.0,260.0,120,22.0,310.0,140,12.0,15.0,8,4.0,2,0
11,65,510,1700.0,1,0,4,120.0,70,20.0,140.0,80,13.0,170.0,90,8.0,10.0,5,2.5,1,0
30,140,415,3200.0,0,0,0,210.0,110,33.0,200.0,100,18.0,220.0,110,9.5,12.0,5,3.0,3,0
53,235,415,4800.0,0,0,0,340.0,160,58.0,350.0,160,30.0,370.0,170,17.0,20.0,18,5.3,0,0
28,125,510,3200.0,0,0,0,200.0,100,30.0,190.0,95,17.0,200.0,100,9.5,12.0,5,3.0,3,0
40,195,415,4500.0,0,1,0,280.0,130,45.0,260.0,120,22.0,310.0,140,12.0,15.0,8,4.0,0,0
3,27,510,600.0,1,0,5,50.0,30,10.0,60.0,40,8.0,70.0,40,3.5,3.0,1,0.5,4,1
19,90,408,1800.0,0,1,0,120.0,70,20.0,110.0,75,12.0,140.0,80,7.0,8.0,3,1.5,1,0
34,165,415,4000.0,0,0,0,250.0,120,35.0,200.0,100,18.0,220.0,110,10.0,12.0,6,3.0,2,0
46,205,510,4700.0,0,1,0,300.0,140,50.0,280.0,130,25.0,330.0,150,13.0,16.0,10,5.0,0,0
8,42,408,950.0,1,0,10,70.0,50,15.0,90.0,60,10.0,100.0,60,5.0,6.0,2,1.0,3,1
54,240,415,4800.0,0,0,0,340.0,160,58.0,350.0,160,30.0,370.0,170,17.0,20.0,18,5.3,0,0
13,70,408,2100.0,0,1,2,140.5,80,25.0,140.0,90,15.0,150.0,90,9.0,10.0,5,2.5,1,0
23,95,415,2600.0,0,1,12,190.5,110,32.1,210.3,115,18.4,230.7,105,10.2,9.8,5,2.9,1,0
37,120,408,3100.0,1,0,0,150.2,80,25.4,180.0,90,14.5,190.0,85,8.3,7.2,3,1.8,0,0
12,70,510,1900.0,0,1,5,220.0,120,35.0,240.0,110,19.0,250.0,110,11.0,12.0,6,3.5,2,0
28,140,415,3500.0,0,0,0,170.0,95,28.0,190.0,95,15.0,210.0,90,9.0,8.5,4,2.0,1,1
45,200,408,4200.0,1,1,30,260.0,130,38.0,260.0,120,21.0,280.0,115,12.0,13.0,7,4.0,3,0
5,25,510,800.0,0,0,0,140.0,70,20.0,140.0,70,12.0,150.0,70,6.5,5.0,2,1.2,0,0
32,110,415,2800.0,0,1,8,200.0,115,33.0,230.0,105,18.0,240.0,100,10.5,10.0,5,3.0,1,0
18,90,408,2200.0,1,0,15,170.0,90,29.0,200.0,95,16.0,210.0,85,9.0,8.0,4,2.5,2,0
22,75,510,1900.0,0,1,4,210.0,110,34.0,250.0,110,19.5,260.0,105,11.5,11.0,6,3.2,1,0
40,180,415,4000.0,0,0,0,160.0,85,27.0,190.0,90,15.0,200.0,80,8.0,7.0,3,1.8,0,0
8,40,408,1200.0,0,1,10,180.0,95,30.0,210.0,100,17.0,230.0,95,10.0,9.0,5,2.8,1,0
30,150,510,3600.0,1,0,20,240.0,120,36.0,260.0,115,20.0,280.0,110,12.0,12.0,7,3.8,2,0
9,45,510,1100.0,0,0,0,150.0,85,27.0,190.0,90,15.0,210.0,85,9.0,8.0,4,2.5,0,0
26,115,415,2700.0,0,1,8,220.0,110,34.0,250.0,115,19.0,270.0,105,11.0,10.5,5,3.0,1,0
33,140,408,3200.0,1,0,22,240.0,120,37.0,270.0,120,21.0,290.0,115,12.5,13.0,8,4.0,3,0
4,25,415,700.0,0,0,0,120.0,60,20.0,140.0,70,12.0,150.0,70,6.5,5.0,2,1.2,0,0
20,80,510,1900.0,0,1,10,200.0,100,33.0,240.0,105,18.5,260.0,95,10.5,9.5,5,3.0,2,0
36,170,415,3700.0,1,0,28,260.0,130,38.0,280.0,120,21.0,300.0,120,13.0,14.0,9,4.5,4,0
13,60,408,1600.0,0,1,5,180.0,90,30.0,210.0,100,17.0,240.0,100,10.0,10.0,5,3.0,1,0
29,140,510,3100.0,0,0,0,190.0,110,35.0,250.0,115,19.0,270.0,105,11.0,11.0,6,3.2,1,0
23,90,415,2600.0,0,1,12,210.0,115,34.0,260.0,120,20.0,280.0,110,12.0,12.5,7,3.8,2,0
6,35,408,1100.0,0,0,0,140.0,80,28.0,190.0,90,15.0,210.0,85,9.0,8.0,4,2.5,0,0
34,150,510,3500.0,1,1,30,250.0,125,36.0,270.0,120,21.0,290.0,115,12.5,13.0,8,4.0,5,0
1,15,415,500.0,0,0,0,100.0,50,20.0,120.0,70,12.0,140.0,70,6.0,4.0,1,0.8,0,0
27,110,408,2800.0,0,1,8,200.0,105,33.0,240.0,105,18.5,260.0,95,10.5,9.5,5,3.0,1,0
39,190,510,4200.0,1,0,35,260.0,135,39.0,280.0,125,22.0,310.0,120,13.0,14.0,9,4.5,6,0
12,55,415,1700.0,0,0,0,140.0,80,24.0,170.0,85,14.0,190.0,80,8.0,7.0,3,1.8,0,0
22,95,408,2400.0,0,1,10,210.0,105,34.0,240.0,110,18.0,260.0,100,10.0,9.0,5,3.0,1,0
30,140,510,3200.0,0,0,0,190.0,110,35.0,250.0,115,19.0,270.0,105,11.0,11.0,6,3.2,1,0
18,80,415,2100.0,0,1,12,190.0,100,33.0,230.0,105,18.5,250.0,95,10.5,9.5,5,3.0,2,0
5,30,408,1200.0,0,0,0,140.0,80,28.0,190.0,90,15.0,210.0,85,9.0,8.0,4,2.5,0,0
31,150,510,3400.0,1,1,32,260.0,130,38.0,280.0,120,21.0,300.0,120,13.0,14.0,9,4.5,7,0
16,70,415,1900.0,0,0,0,150.0,90,28.0,190.0,90,15.0,210.0,85,9.0,8.0,4,2.5,0,0
28,120,408,2800.0,0,1,10,210.0,105,34.0,240.0,110,18.0,260.0,100,10.0,9.0,5,3.0,1,0
11,55,510,1700.0,0,0,0,140.0,80,24.0,170.0,85,14.0,190.0,80,8.0,7.0,3,1.8,0,0
4,25,408,800.0,0,0,0,120.0,60,20.0,140.0,70,12.0,150.0,70,6.5,5.0,2,1.2,0,0
23,110,415,2600.0,0,0,5,190.0,95,32.0,210.0,90,18.0,220.0,110,9.0,12.0,4,3.0,1,0
37,150,408,3300.0,0,1,12,170.0,120,28.0,190.0,110,15.0,180.0,95,7.0,9.0,3,2.5,2,0
5,45,510,800.0,1,0,0,80.0,30,15.0,70.0,50,10.0,60.0,40,5.0,4.0,1,1.2,0,0
48,200,415,4500.0,0,0,20,300.0,140,45.0,320.0,140,25.0,350.0,150,15.0,18.0,10,4.5,3,1
12,80,408,1500.0,0,1,8,120.0,70,20.0,120.0,80,12.0,110.0,80,6.0,7.0,2,2.0,4,0
30,110,415,2200.0,0,0,15,210.0,100,35.0,200.0,95,17.0,210.0,105,8.0,10.0,5,3.0,5,0
42,170,510,3800.0,0,1,25,260.0,130,40.0,280.0,120,22.0,300.0,140,12.0,15.0,8,4.0,6,0
18,60,408,900.0,1,0,2,70.0,40,10.0,80.0,60,8.0,70.0,50,4.0,5.0,1,0.8,7,0
27,140,415,2800.0,0,0,10,190.0,110,30.0,230.0,100,18.0,240.0,120,9.0,12.0,6,3.5,8,0
9,35,510,500.0,1,1,0,50.0,20,5.0,40.0,30,5.0,30.0,20,2.0,2.0,0,0.5,9,1
33,190,415,3500.0,0,0,18,250.0,120,38.0,260.0,115,20.0,310.0,130,11.0,14.0,9,4.2,1,0
21,95,408,1700.0,0,1,6,140.0,80,22.0,140.0,85,13.0,140.0,90,7.0,8.0,3,2.3,2,0
45,210,415,4700.0,0,0,30,310.0,150,50.0,330.0,140,25.0,360.0,155,15.0,18.0,12,5.0,3,1
7,40,510,600.0,1,0,1,60.0,25,8.0,50.0,35,6.0,45.0,30,3.0,3.0,0,0.7,4,0
38,160,408,3300.0,0,1,22,280.0,130,42.0,290.0,125,23.0,330.0,140,13.0,16.0,11,4.8,5,0
14,70,415,1200.0,0,0,4,100.0,60,18.0,90.0,70,10.0,90.0,70,6.0,7.0,2,1.8,6,0
26,130,510,2500.0,0,1,12,200.0,110,30.0,210.0,95,18.0,220.0,100,9.0,11.0,5,3.0,7,0
4,20,408,400.0,1,1,0,30.0,10,5.0,20.0,25,4.0,20.0,15,1.0,1.0,0,0.3,8,1
41,190,415,4600.0,0,0,28,310.0,140,48.0,320.0,140,24.0,350.0,150,14.0,17.0,11,4.9,9,0
16,55,510,1100.0,0,1,3,90.0,55,15.0,80.0,65,9.0,80.0,60,5.0,6.0,1,1.5,1,0
29,120,415,2400.0,0,0,9,170.0,90,28.0,190.0,90,16.0,210.0,95,8.0,10.0,4,2.8,2,0
35,180,408,3200.0,0,1,20,260.0,120,38.0,260.0,115,21.0,300.0,130,12.0,15.0,9,4.0,3,1
2,10,510,200.0,1,0,0,20.0,5,2.0,10.0,15,3.0,15.0,10,0.5,0.5,0,0.1,4,0
47,210,415,4800.0,0,0,35,320.0,150,52.0,340.0,145,26.0,370.0,160,16.0,19.0,12,5.1,5,0
11,70,408,1300.0,0,1,5,110.0,70,20.0,110.0,80,12.0,120.0,80,6.0,8.0,2,2.2,6,0
39,170,415,3400.0,0,0,25,280.0,130,40.0,280.0,120,22.0,320.0,140,13.0,16.0,10,4.5,7,1
6,15,510,300.0,1,1,0,40.0,15,6.0,30.0,20,5.0,25.0,15,1.0,1.0,0,0.4,8,0
24,90,415,1900.0,0,0,7,150.0,80,25.0,140.0,90,15.0,190.0,95,8.0,10.0,4,2.9,9,0
36,200,408,3600.0,0,1,30,300.0,140,45.0,310.0,130,24.0,340.0,150,14.0,18.0,11,5.0,1,1
3,12,510,400.0,1,0,0,35.0,10,4.0,25.0,20,4.0,30.0,15,0.8,1.0,0,0.2,2,0
44,190,415,4700.0,0,0,32,310.0,140,48.0,330.0,140,24.0,360.0,155,15.0,18.0,12,5.2,3,0
10,50,408,1000.0,0,1,2,80.0,50,12.0,70.0,60,9.0,80.0,60,5.0,6.0,1,1.3,4,0
31,140,415,2600.0,0,0,10,190.0,100,30.0,210.0,95,17.0,230.0,105,9.0,11.0,5,3.0,5,0
17,80,510,1400.0,0,1,5,120.0,70,20.0,120.0,80,12.0,110.0,80,6.0,7.0,2,2.1,6,0
42,210,415,4800.0,0,0,35,320.0,150,52.0,340.0,145,26.0,370.0,160,16.0,19.0,12,5.1,7,1
8,25,408,500.0,1,0,0,45.0,15,6.0,35.0,25,5.0,35.0,20,1.0,1.0,0,0.3,8,0
27,110,415,2300.0,0,0,8,160.0,90,25.0,170.0,85,15.0,200.0,90,8.0,10.0,4,2.7,9,0
23,140,408,2600.0,0,1,12,190.0,110,32.0,210.0,95,18.0,230.0,105,9.0,11.0,5,3.1,1,0
5,30,510,700.0,1,1,0,70.0,30,10.0,60.0,40,7.0,70.0,50,3.0,4.0,1,1.0,2,0
38,170,415,3500.0,0,0,20,260.0,120,40.0,280.0,120,22.0,320.0,140,13.0,16.0,10,4.6,3,1
13,60,408,1100.0,0,1,4,90.0,55,15.0,80.0,65,9.0,80.0,60,5.0,6.0,1,1.4,4,0
30,140,415,2600.0,0,0,10,190.0,100,30.0,210.0,95,17.0,230.0,105,9.0,11.0,5,3.0,5,0
45,210,415,4800.0,0,0,35,320.0,150,52.0,340.0,145,26.0,370.0,160,16.0,19.0,12,5.1,6,1
2,10,510,200.0,1,0,0,20.0,5,2.0,10.0,15,3.0,15.0,10,0.5,0.5,0,0.1,7,0
47,210,415,4800.0,0,0,35,320.0,150,52.0,340.0,145,26.0,370.0,160,16.0,19.0,12,5.1,8,0
32,150,415,2800.0,0,0,15,210.0,100,35.0,200.0,95,17.0,240.0,100,9.0,11.0,5,3.2,1,0
18,70,408,1400.0,0,1,5,120.0,70,20.0,120.0,80,12.0,110.0,80,6.0,7.0,2,2.1,2,0
41,190,415,4600.0,0,0,28,310.0,140,48.0,320.0,140,24.0,350.0,150,14.0,17.0,11,4.9,3,1
15,60,510,1200.0,0,1,3,90.0,55,15.0,80.0,65,9.0,80.0,60,5.0,6.0,1,1.5,4,0
12,78,415,1200.0,0,1,12,190.3,90,28.4,210.7,110,15.2,180.5,95,8.1,12.3,5,3.2,1,0
35,150,408,3500.2,1,0,0,140.8,120,22.5,240.4,130,18.9,170.2,80,7.4,9.8,3,2.5,0,0
48,200,510,4800.0,0,0,5,260.1,110,35.0,260.0,140,20.5,190.0,110,10.0,15.0,6,4.0,2,1
5,45,415,800.3,0,1,0,80.5,30,12.0,90.0,50,8.0,70.0,40,4.0,5.0,2,1.5,3,0
22,110,408,2000.0,0,0,10,170.0,70,25.0,200.0,90,12.0,150.0,80,6.0,8.0,4,2.0,4,0
30,140,510,3500.0,1,0,0,220.0,100,30.0,250.0,120,18.0,180.0,100,9.0,12.0,5,3.0,5,0
42,190,415,4000.0,0,1,20,300.0,140,45.0,320.0,150,25.0,300.0,150,12.0,18.0,10,5.0,6,1
18,70,408,1200.0,0,0,0,90.0,40,15.0,110.0,60,10.0,80.0,50,5.0,6.0,3,1.0,7,0
27,95,510,2500.0,0,0,15,200.0,80,28.0,210.0,100,14.0,140.0,90,7.0,10.0,4,2.5,8,0
38,160,415,3000.0,1,0,0,250.0,120,32.0,260.0,130,19.0,200.0,110,9.0,12.0,6,3.5,9,1
9,40,408,600.0,0,1,0,60.0,20,10.0,70.0,40,6.0,50.0,30,3.0,4.0,1,0.5,0,0
45,210,510,4500.0,0,0,25,310.0,150,48.0,330.0,140,22.0,310.0,140,13.0,18.0,9,4.5,1,0
14,60,415,900.0,0,0,0,110.0,50,18.0,120.0,70,9.0,90.0,60,4.5,6.0,2,1.2,2,0
32,130,408,2800.0,1,1,5,230.0,110,35.0,240.0,120,17.0,190.0,100,8.0,12.0,5,3.0,3,0
20,90,510,1500.0,0,0,8,140.0,70,22.0,180.0,90,12.0,140.0,80,6.5,9.0,4,2.0,4,0
50,220,415,5000.0,0,1,30,350.0,160,55.0,350.0,160,25.0,360.0,160,15.0,19.0,10,5.0,5,1
7,35,408,400.0,0,0,0,50.0,10,5.0,40.0,30,4.0,30.0,20,1.5,2.0,0,0.2,6,0
28,110,510,2200.0,0,0,12,190.0,90,27.0,200.0,110,15.0,150.0,90,7.0,10.0,4,2.5,7,0
36,170,415,3500.0,1,1,0,260.0,120,35.0,260.0,120,18.0,210.0,110,9.0,12.0,6,3.5,8,1
11,50,408,700.0,0,1,0,70.0,30,12.0,80.0,50,7.0,70.0,40,3.0,5.0,1,0.8,9,0
41,190,510,4800.0,0,0,20,320.0,150,50.0,340.0,150,23.0,320.0,150,14.0,18.0,9,5.0,0,0
21,90,510,1500.0,0,0,5,140.0,70,22.0,180.0,90,12.0,140.0,80,6.5,9.0,4,2.0,2,0
49,220,415,5200.0,0,1,35,360.0,160,55.0,360.0,160,25.0,360.0,160,15.0,19.0,10,5.0,3,1
2,15,408,200.0,0,0,0,20.0,5,2.0,10.0,10,1.0,5.0,2,0.2,0.5,0,0.05,4,0
30,140,510,2600.0,0,0,10,210.0,110,30.0,220.0,110,16.0,170.0,100,8.0,11.0,5,3.0,5,0
27,120,415,2800.0,1,1,0,240.0,120,32.0,240.0,120,18.0,200.0,110,9.0,12.0,6,3.5,6,1
15,65,408,1100.0,0,0,0,100.0,60,20.0,140.0,80,10.0,120.0,70,5.0,8.0,4,2.0,7,0
33,150,510,3000.0,0,0,15,250.0,110,35.0,260.0,120,18.0,210.0,110,9.0,12.0,6,3.0,8,0
5,35,415,400.0,0,1,0,50.0,20,10.0,60.0,40,5.0,50.0,30,2.0,4.0,1,0.8,9,0
42,190,510,4200.0,0,0,20,310.0,140,45.0,310.0,140,22.0,300.0,140,13.0,18.0,9,5.0,0,0
18,75,408,900.0,0,0,0,90.0,50,18.0,110.0,70,9.0,90.0,60,4.5,6.0,2,1.2,1,0
24,100,415,1400.0,0,1,5,150.0,70,25.0,170.0,90,12.0,140.0,80,6.5,9.0,4,2.0,2,0
36,160,510,3500.0,1,0,0,260.0,120,35.0,260.0,120,18.0,210.0,110,9.0,12.0,6,3.5,3,1
10,45,408,600.0,0,0,0,70.0,30,12.0,80.0,50,7.0,70.0,40,3.0,5.0,1,0.8,4,0
31,140,415,2600.0,0,1,10,210.0,110,30.0,220.0,110,16.0,170.0,100,8.0,11.0,5,3.0,5,0
23,80,510,1200.0,0,0,5,120.0,60,20.0,140.0,80,10.0,100.0,70,5.0,7.0,3,1.5,6,0
44,210,415,4600.0,0,0,25,330.0,140,45.0,330.0,140,22.0,310.0,140,13.0,18.0,9,5.0,7,1
6,30,408,500.0,0,0,0,40.0,15,8.0,50.0,30,5.0,40.0,20,2.0,3.0,0,0.3,8,0
39,170,510,3800.0,0,1,15,280.0,130,38.0,280.0,140,20.0,240.0,120,11.0,15.0,7,4.0,9,1
12,110,415,3200.0,0,1,15,190.3,80,32.1,210.4,95,15.2,220.5,110,8.5,9.8,3,2.5,1,0
27,140,408,4100.0,0,1,0,150.7,60,25.4,180.2,70,12.3,190.0,95,7.2,7.5,2,1.8,1,0
45,200,510,1500.0,1,0,30,260.0,120,45.0,250.0,120,20.0,300.0,140,12.0,12.0,5,3.5,1,1
5,25,415,800.0,0,0,2,70.0,30,10.0,90.0,40,8.0,80.0,50,4.0,4.0,1,0.8,1,0
38,170,415,2500.0,0,1,20,200.0,90,28.0,190.0,80,14.0,210.0,100,9.0,8.0,3,2.0,1,0
22,95,408,3000.0,0,0,0,140.0,70,20.0,160.0,60,12.0,170.0,80,6.0,6.0,2,1.5,1,0
9,30,510,500.0,1,1,40,300.0,140,55.0,320.0,150,28.0,350.0,150,15.0,15.0,10,5.0,1,1
30,120,415,3500.0,0,0,10,170.0,80,25.0,200.0,90,15.0,220.0,110,8.0,9.0,3,2.0,1,0
47,210,408,4000.0,0,1,25,250.0,110,35.0,260.0,120,20.0,280.0,130,10.0,11.0,4,3.0,1,0
2,5,510,100.0,0,0,0,10.0,5,2.0,50.0,20,5.0,30.0,10,1.0,1.0,0,0.5,1,0
15,80,415,2000.0,0,1,12,180.0,90,30.0,210.0,100,16.0,230.0,120,9.0,10.0,3,2.5,1,0
33,140,408,2800.0,0,0,8,160.0,70,22.0,170.0,80,12.0,190.0,90,6.0,7.0,2,1.8,1,0
41,190,510,2600.0,1,1,35,280.0,130,40.0,280.0,120,22.0,320.0,140,12.0,12.0,5,3.5,1,1
7,25,415,800.0,0,0,2,70.0,30,10.0,90.0,40,8.0,80.0,50,4.0,4.0,1,0.8,1,0
28,110,415,3200.0,0,1,18,190.0,90,28.0,210.0,100,16.0,230.0,120,9.0,10.0,3,2.5,1,0
12,70,408,2200.0,0,0,5,140.0,60,18.0,160.0,70,12.0,170.0,80,6.0,7.0,2,1.8,1,0
23,140,510,1800.0,1,1,28,260.0,120,38.0,260.0,120,20.0,300.0,140,12.0,12.0,5,3.5,1,1
4,10,415,400.0,0,0,0,30.0,10,5.0,60.0,20,4.0,30.0,10,1.0,1.0,0,0.5,1,0
35,180,408,3500.0,0,1,22,220.0,100,32.0,240.0,110,18.0,260.0,130,10.0,11.0,4,3.0,1,0
16,90,415,2800.0,0,0,6,150.0,70,20.0,170.0,80,12.0,190.0,90,6.0,7.0,2,1.8,1,0
27,110,510,3200.0,0,1,18,190.0,90,28.0,210.0,100,16.0,230.0,120,9.0,10.0,3,2.5,1,0
3,20,415,800.0,0,0,2,80.0,30,10.0,90.0,40,8.0,80.0,50,4.0,4.0,1,0.8,1,0
44,210,408,3500.0,0,1,22,220.0,100,32.0,240.0,110,18.0,260.0,130,10.0,11.0,4,3.0,1,0
21,80,415,2000.0,0,1,12,180.0,90,30.0,210.0,100,16.0,230.0,120,9.0,10.0,3,2.5,1,0
13,50,510,1200.0,1,1,28,260.0,120,38.0,260.0,120,20.0,300.0,140,12.0,12.0,5,3.5,1,1
30,140,415,2800.0,0,0,8,160.0,70,22.0,170.0,80,12.0,190.0,90,6.0,7.0,2,1.8,1,0
17,90,408,2500.0,0,1,15,170.0,80,28.0,210.0,100,16.0,230.0,120,9.0,10.0,3,2.5,1,0
22,120,510,3000.0,0,0,10,150.0,70,20.0,170.0,80,12.0,190.0,90,6.0,7.0,2,1.8,1,0
6,30,415,1200.0,0,0,4,140.0,60,18.0,160.0,70,12.0,170.0,80,6.0,7.0,2,1.8,1,0
34,190,408,3200.0,0,1,20,200.0,90,28.0,210.0,100,16.0,230.0,120,9.0,10.0,3,2.5,1,0
11,40,415,1500.0,0,0,0,120.0,50,15.0,140.0,60,10.0,120.0,70,5.0,5.0,1,0.8,1,0
40,210,510,3500.0,1,1,30,260.0,120,38.0,260.0,120,20.0,300.0,140,12.0,12.0,5,3.5,1,1
23,140,415,2800.0,0,0,8,160.0,70,22.0,170.0,80,12.0,190.0,90,6.0,7.0,2,1.8,1,0
18,90,408,2600.0,0,1,15,170.0,80,28.0,210.0,100,16.0,230.0,120,9.0,10.0,3,2.5,1,0
29,120,510,3000.0,0,0,10,150.0,70,20.0,170.0,80,12.0,190.0,90,6.0,7.0,2,1.8,1,0
32,140,415,2800.0,0,0,8,160.0,70,22.0,170.0,80,12.0,190.0,90,6.0,7.0,2,1.8,1,0
7,20,415,900.0,0,0,2,80.0,30,10.0,90.0,40,8.0,80.0,50,4.0,4.0,1,0.8,1,0
41,190,408,3200.0,0,1,20,200.0,90,28.0,210.0,100,16.0,230.0,120,9.0,10.0,3,2.5,1,0
15,80,510,2000.0,0,0,6,150.0,70,20.0,170.0,80,12.0,190.0,90,6.0,7.0,2,1.8,1,0
23,110,415,2500.0,0,0,5,180.5,90,32.0,210.0,80,18.5,120.0,85,7.5,10.0,2,2.5,1,0
35,95,510,4000.0,0,1,30,140.0,120,25.0,250.0,110,22.0,200.0,70,9.0,12.0,5,3.0,0,0
12,70,408,3000.0,0,0,0,210.0,100,35.0,280.0,90,24.0,180.0,110,8.0,9.0,3,2.0,2,0
48,150,415,4500.0,1,0,45,100.0,140,20.0,190.0,130,28.0,250.0,60,11.0,15.0,6,4.0,3,1
5,40,510,800.0,0,0,0,120.0,50,15.0,140.0,70,12.0,90.0,40,5.0,7.0,1,1.5,4,0
27,110,408,3500.0,0,1,10,170.0,80,28.0,220.0,95,19.0,160.0,90,6.5,11.0,4,2.8,5,0
39,130,415,4200.0,0,0,20,150.0,110,22.0,240.0,120,21.0,210.0,80,7.0,13.0,5,3.2,6,0
2,25,510,600.0,1,0,0,90.0,30,10.0,100.0,50,8.0,70.0,20,3.0,5.0,0,0.5,7,0
45,200,408,4800.0,0,1,35,130.0,130,18.0,260.0,140,25.0,240.0,70,10.0,14.0,7,4.5,8,0
18,60,415,2000.0,0,0,5,190.0,95,30.0,230.0,100,20.0,190.0,100,8.5,12.5,3,2.2,9,0
30,140,510,3100.0,0,0,15,160.0,90,27.0,210.0,110,18.0,170.0,80,6.0,10.0,4,2.0,0,0
22,95,408,2600.0,0,1,25,140.0,100,23.0,190.0,115,22.0,190.0,90,7.5,11.5,5,3.0,1,0
8,35,415,1200.0,1,0,0,110.0,60,12.0,150.0,70,10.0,80.0,30,4.0,6.0,1,1.0,2,0
41,170,510,4300.0,0,0,40,120.0,120,20.0,200.0,130,24.0,220.0,70,9.0,13.0,6,3.5,3,0
16,55,408,1800.0,0,1,10,130.0,70,18.0,170.0,90,16.0,140.0,80,6.0,9.0,3,2.5,4,0
28,120,415,3300.0,0,0,20,150.0,110,25.0,210.0,100,19.0,180.0,90,7.0,11.0,4,2.8,5,0
3,20,510,500.0,1,0,0,80.0,40,10.0,120.0,60,9.0,70.0,30,3.5,5.5,0,0.8,6,0
47,210,408,4700.0,0,1,35,140.0,140,18.0,250.0,140,26.0,260.0,70,10.5,14.5,7,4.2,7,0
19,65,415,2100.0,0,0,5,170.0,90,28.0,230.0,110,20.0,190.0,100,8.0,12.0,3,2.3,8,0
34,140,510,3200.0,0,0,15,160.0,95,24.0,210.0,105,18.0,170.0,85,6.5,10.5,4,2.6,9,0
7,30,415,1400.0,1,0,0,120.0,70,15.0,160.0,80,12.0,90.0,40,4.5,6.5,1,1.2,0,0
42,190,408,4600.0,0,1,30,140.0,120,20.0,240.0,120,23.0,240.0,80,9.0,13.0,6,3.8,1,0
25,100,510,2800.0,0,0,10,150.0,80,22.0,200.0,95,18.0,180.0,90,7.0,11.0,4,2.7,2,0
13,45,415,900.0,0,0,0,110.0,60,15.0,140.0,70,12.0,90.0,40,4.0,6.0,1,1.0,3,0
36,150,408,4100.0,0,1,25,140.0,110,20.0,210.0,110,22.0,210.0,80,8.0,12.0,5,3.0,4,0
24,80,510,2600.0,0,0,5,160.0,90,25.0,190.0,100,18.0,170.0,90,7.0,11.0,4,2.5,5,0
9,35,415,1100.0,1,0,0,100.0,50,12.0,130.0,70,10.0,80.0,30,3.5,5.5,1,1.1,6,0
40,180,510,4400.0,0,0,30,140.0,120,18.0,220.0,120,24.0,230.0,70,9.0,13.0,6,3.6,7,0
31,110,408,3000.0,0,1,15,150.0,90,22.0,200.0,100,18.0,190.0,90,7.0,11.0,4,2.9,8,0
6,25,415,700.0,1,0,0,90.0,40,10.0,120.0,60,9.0,70.0,30,3.0,5.0,0,0.7,9,0
23,95,510,2600.0,0,0,10,140.0,80,20.0,190.0,90,17.0,170.0,80,6.5,10.5,4,2.4,0,0
15,55,408,1500.0,0,1,5,120.0,70,18.0,160.0,80,15.0,140.0,70,7.0,9.0,3,2.5,1,0
32,120,415,3100.0,0,0,20,150.0,90,22.0,210.0,100,18.0,180.0,90,7.0,11.0,4,2.7,2,0
4,20,510,500.0,1,0,0,80.0,30,10.0,120.0,60,9.0,70.0,30,3.5,5.5,0,0.6,3,0
27,110,408,3200.0,0,1,15,140.0,100,20.0,200.0,95,17.0,170.0,85,6.5,10.5,4,2.6,4,0
11,35,415,1300.0,1,0,0,110.0,60,12.0,140.0,70,12.0,90.0,40,4.0,6.0,1,1.1,5,0
38,140,510,3500.0,0,0,20,150.0,100,22.0,210.0,100,18.0,180.0,90,7.0,11.0,4,2.8,6,0
5,25,415,800.0,1,0,0,90.0,40,10.0,120.0,60,9.0,70.0,30,3.0,5.0,0,0.5,7,0
43,190,408,4600.0,0,1,35,140.0,120,20.0,240.0,120,23.0,240.0,80,9.0,13.0,6,3.9,8,0
20,70,415,2000.0,0,0,0,180.0,90,30.0,210.0,100,18.0,190.0,100,8.0,12.0,3,2.4,9,0
29,120,510,3100.0,0,0,15,140.0,80,20.0,190.0,90,17.0,170.0,80,6.5,10.5,4,2.5,0,0
12,45,415,900.0,0,0,0,110.0,60,15.0,140.0,70,12.0,90.0,40,4.0,6.0,1,1.0,1,0
37,160,408,4000.0,0,1,25,140.0,110,20.0,210.0,110,22.0,210.0,80,8.0,12.0,5,3.0,2,0
18,60,510,1800.0,0,0,5,130.0,70,18.0,170.0,90,16.0,140.0,80,6.0,9.0,3,2.5,3,0
26,110,415,2800.0,0,0,10,150.0,90,22.0,200.0,95,18.0,180.0,90,7.0,11.0,4,2.7,4,0
33,130,510,3200.0,0,0,15,140.0,80,20.0,190.0,100,17.0,170.0,85,6.5,10.5,4,2.6,5,0
1,10,415,400.0,1,0,0,70.0,20,5.0,80.0,40,6.0,50.0,20,2.0,4.0,0,0.3,6,0
44,200,408,4800.0,0,1,35,140.0,140,18.0,250.0,140,26.0,260.0,70,10.5,14.5,7,4.3,7,0
23,90,510,2600.0,0,0,10,140.0,80,20.0,190.0,90,17.0,170.0,80,6.5,10.5,4,2.5,8,0
30,120,415,3100.0,0,0,15,140.0,80,20.0,190.0,90,17.0,170.0,80,6.5,10.5,4,2.5,9,0
12,110,415,3200.0,0,1,15,190.5,95,28.3,210.4,110,18.2,220.7,105,8.5,9.8,5,2.1,1,0
45,200,408,4100.0,0,0,30,310.2,140,45.6,320.1,140,25.4,330.5,150,12.3,15.2,12,4.0,0,0
3,25,510,800.0,1,1,5,60.7,30,12.4,80.3,50,10.1,70.2,40,3.2,4.5,2,0.8,2,0
27,150,415,2500.0,0,0,0,140.3,110,20.5,180.0,90,15.0,190.0,95,7.0,8.0,4,1.5,3,0
50,220,408,4800.0,0,1,45,330.0,155,55.0,340.0,150,28.0,360.0,160,15.0,18.0,16,5.0,4,1
8,60,510,1200.0,0,0,10,90.5,70,18.0,120.0,70,12.0,110.0,80,5.0,6.0,3,1.0,5,0
35,180,415,3500.0,0,1,20,250.0,130,35.0,260.0,120,22.0,280.0,110,10.0,12.0,9,3.0,6,0
22,90,408,2000.0,1,0,0,120.0,80,25.0,150.0,85,18.5,170.0,90,6.0,7.0,5,2.0,7,0
0,5,510,400.0,0,1,2,30.0,20,5.0,50.0,40,5.0,30.0,20,1.0,2.0,1,0.5,8,0
48,210,415,4700.0,0,0,35,320.0,150,50.0,330.0,140,27.0,350.0,155,14.0,17.0,15,4.5,9,1
14,70,408,1400.0,0,1,7,100.0,55,13.0,110.0,65,12.0,120.0,70,4.0,5.0,2,0.8,2,0
33,170,415,3200.0,0,0,22,230.0,115,32.0,240.0,105,20.0,260.0,105,9.0,11.0,7,2.5,3,0
4,15,510,600.0,1,0,0,50.0,30,8.0,70.0,50,7.0,60.0,40,2.0,3.0,1,0.5,4,0
41,190,408,4200.0,0,1,28,270.0,115,38.0,310.0,125,23.0,330.0,140,12.5,15.5,13,4.0,5,0
16,60,415,1200.0,0,0,4,90.0,50,11.0,90.0,55,10.0,100.0,70,4.0,5.0,2,0.9,6,0
29,180,510,3100.0,0,1,20,210.0,110,28.0,230.0,105,18.0,250.0,110,8.0,10.0,6,2.2,7,0
6,25,415,800.0,1,0,0,70.0,35,9.0,70.0,50,8.0,60.0,40,2.5,3.5,1,0.6,8,0
44,210,408,4500.0,0,1,35,310.0,150,45.0,330.0,140,26.0,350.0,155,13.5,17.5,15,4.8,2,0
2,10,510,500.0,0,1,1,40.0,25,6.0,60.0,45,6.0,35.0,25,1.5,2.5,1,0.4,3,0
46,200,415,4400.0,0,0,38,300.0,150,45.0,320.0,135,25.0,340.0,150,12.0,16.0,14,4.3,3,0
12,70,408,1400.0,0,1,7,100.0,55,13.0,110.0,65,12.0,120.0,70,4.0,5.0,2,0.8,4,0
32,170,415,3200.0,0,0,22,230.0,115,32.0,240.0,105,20.0,260.0,105,9.0,11.0,7,2.5,5,0
5,15,510,600.0,1,0,0,50.0,30,8.0,70.0,50,7.0,60.0,40,2.0,3.0,1,0.5,6,0
40,190,408,4200.0,0,1,28,270.0,115,38.0,310.0,125,23.0,330.0,140,12.5,15.5,13,4.0,7,0
17,60,415,1200.0,0,0,4,90.0,50,11.0,90.0,55,10.0,100.0,70,4.0,5.0,2,0.9,8,0
28,180,510,3100.0,0,1,20,210.0,110,28.0,230.0,105,18.0,250.0,110,8.0,10.0,6,2.2,9,1
6,25,415,800.0,1,0,0,70.0,35,9.0,70.0,50,8.0,60.0,40,2.5,3.5,1,0.6,1,0
45,210,408,4500.0,0,1,35,310.0,150,45.0,330.0,140,26.0,350.0,155,13.5,17.5,15,4.8,2,0
2,10,510,500.0,0,1,1,40.0,25,6.0,60.0,45,6.0,35.0,25,1.5,2.5,1,0.4,4,0
47,230,415,4800.0,0,0,42,330.0,155,50.0,340.0,145,27.0,360.0,160,15.0,18.0,16,5.0,4,0
12,90,415,2000.0,0,1,0,150.0,80,25.0,250.0,90,21.0,140.0,80,6.0,8.8,2,2.2,1,0
38,140,415,2800.0,0,0,0,200.0,100,25.0,180.0,110,16.0,190.0,100,9.0,10.5,3,3.0,1,0
45,200,415,3200.0,1,0,0,310.0,140,36.0,150.0,130,13.0,230.0,115,12.0,11.0,5,4.0,3,1
2,50,408,1000.0,0,0,0,60.0,20,8.0,260.0,70,22.0,110.0,60,4.0,7.5,0,0.9,6,0
26,110,510,1900.0,0,0,0,140.0,70,20.0,250.0,90,21.0,140.0,80,6.0,8.8,2,2.2,7,0
40,170,415,2800.0,1,1,25,190.0,110,28.0,180.0,115,17.0,210.0,95,9.0,10.5,3,3.0,0,1
11,70,408,1500.0,0,0,0,120.0,60,18.0,250.0,85,21.0,140.0,80,6.0,8.8,2,2.2,9,0
35,140,510,2600.0,1,0,0,260.0,130,35.0,160.0,120,15.0,220.0,110,10.0,11.0,4,3.3,0,1
18,90,415,1700.0,0,1,5,140.0,70,20.0,250.0,90,21.0,140.0,80,6.0,8.8,2,2.2,1,0
43,190,408,3100.0,1,0,0,320.0,150,40.0,140.0,140,13.0,230.0,120,12.0,12.0,5,4.0,0,1
7,65,510,1400.0,0,0,0,90.0,50,15.0,250.0,80,20.0,140.0,80,6.0,9.0,2,2.2,8,0
24,105,415,2000.0,0,1,10,150.0,70,22.0,200.0,110,17.0,180.0,95,8.0,10.0,3,3.0,0,0
30,120,408,2500.0,0,0,0,200.0,100,28.0,190.0,110,17.0,200.0,95,8.0,10.0,3,3.0,0,0
16,75,510,1800.0,1,0,0,170.0,90,24.0,210.0,105,18.0,190.0,100,9.0,10.5,4,3.2,2,0
5,60,408,1100.0,0,0,0,80.0,40,12.0,260.0,80,22.0,130.0,70,5.0,8.0,1,1.7,3,0
45,190,415,3000.0,0,1,15,180.0,90,25.0,190.0,100,18.0,190.0,95,8.0,9.5,2,2.6,0,0
1,55,408,1300.0,0,0,0,70.0,30,10.0,260.0,75,21.0,120.0,70,5.0,8.0,1,1.6,8,0
29,125,510,2400.0,1,0,0,260.0,130,35.0,160.0,120,15.0,220.0,110,10.0,11.0,4,3.3,0,1
6,65,415,1400.0,0,0,0,90.0,50,15.0,250.0,80,20.0,140.0,80,6.0,9.0,2,2.2,9,0
47,210,408,3600.0,1,0,0,330.0,155,38.0,150.0,135,12.0,230.0,125,13.0,12.5,6,4.2,0,1
14,80,510,1600.0,0,1,10,120.0,60,18.0,240.0,90,19.0,150.0,85,7.0,9.5,3,3.0,0,0
9,70,408,1700.0,1,0,5,150.0,80,22.0,200.0,110,17.0,180.0,95,8.0,10.0,2,2.5,2,0
31,120,510,2500.0,0,1,20,170.0,90,28.0,190.0,105,18.0,210.0,100,9.0,10.0,3,3.1,0,0
12,90,415,2600.0,0,0,5,170.0,95,28.0,190.0,95,15.0,210.0,100,9.0,10.0,4,2.5,1,0
38,120,408,1800.0,0,1,0,140.0,80,22.0,160.0,85,12.0,170.0,90,7.0,8.0,3,1.8,2,0
45,200,510,4000.0,1,0,10,300.0,140,45.0,300.0,140,25.0,350.0,150,12.0,15.0,10,4.5,0,1
5,30,415,800.0,0,0,0,80.0,30,10.0,70.0,40,5.0,80.0,30,3.0,4.0,1,0.5,3,0
49,220,408,4100.0,0,1,30,320.0,140,52.0,340.0,150,26.0,350.0,155,13.0,16.0,10,4.9,5,0
15,55,510,1100.0,0,0,0,100.0,55,15.0,110.0,65,8.0,120.0,65,4.0,5.0,1,1.0,6,0
28,105,415,1900.0,0,1,8,150.0,85,22.0,160.0,85,12.0,180.0,90,7.0,9.0,3,1.8,7,0
33,130,408,2600.0,0,0,12,190.0,100,28.0,200.0,100,14.0,220.0,110,8.0,10.0,5,2.2,8,0
2,10,415,400.0,0,0,0,50.0,15,5.0,30.0,20,3.0,40.0,15,1.0,2.0,0,0.2,9,0
36,150,510,2800.0,0,1,18,260.0,120,35.0,250.0,120,19.0,300.0,130,10.0,13.0,7,3.2,1,0
11,45,415,700.0,0,0,0,90.0,35,12.0,70.0,40,6.0,80.0,35,3.0,4.0,1,0.7,2,0
41,170,408,3000.0,0,1,22,280.0,125,38.0,270.0,125,21.0,320.0,140,12.0,15.0,9,4.0,3,0
6,20,415,500.0,0,0,0,60.0,20,8.0,50.0,30,4.0,60.0,25,2.0,3.0,0,0.3,4,0
44,190,510,3300.0,0,1,28,310.0,135,42.0,310.0,140,23.0,330.0,150,13.0,16.0,10,4.5,5,0
19,65,415,1100.0,0,0,0,110.0,60,18.0,120.0,65,9.0,120.0,65,4.0,5.0,1,1.1,6,0
23,85,408,1400.0,0,1,6,140.0,80,22.0,140.0,85,12.0,170.0,90,7.0,9.0,3,1.7,7,0
39,160,510,2700.0,0,0,15,240.0,110,32.0,230.0,115,17.0,260.0,120,9.0,12.0,6,2.8,8,0
1,5,415,300.0,0,0,0,30.0,10,4.0,20.0,15,2.0,30.0,10,0.5,1.0,0,0.1,9,0
47,210,408,3600.0,1,0,27,320.0,140,48.0,330.0,150,26.0,340.0,155,14.0,17.0,11,4.7,1,0
13,55,510,1200.0,0,0,0,110.0,55,15.0,110.0,65,8.0,120.0,65,4.0,5.0,1,1.0,2,0
31,140,415,2500.0,0,1,12,200.0,100,28.0,210.0,100,14.0,240.0,110,8.0,10.0,5,2.3,3,0
37,170,408,2800.0,0,0,18,260.0,120,35.0,250.0,120,19.0,300.0,130,10.0,13.0,7,3.2,4,0
9,35,415,800.0,0,0,0,90.0,35,12.0,70.0,40,6.0,80.0,35,3.0,4.0,1,0.7,5,0
45,190,510,3200.0,0,1,25,280.0,130,40.0,280.0,130,20.0,310.0,140,11.0,14.0,8,3.5,6,0
3,15,415,400.0,0,0,0,50.0,15,5.0,30.0,20,3.0,40.0,15,1.0,2.0,0,0.2,7,0
46,210,408,3500.0,1,0,28,310.0,140,48.0,330.0,150,26.0,340.0,155,14.0,17.0,11,4.7,8,0
14,60,510,1300.0,0,0,0,120.0,60,18.0,120.0,65,9.0,120.0,65,4.0,5.0,1,1.1,9,0
27,110,415,1900.0,0,1,10,150.0,85,22.0,160.0,85,12.0,180.0,90,7.0,9.0,3,1.8,1,0
34,140,408,2600.0,0,0,12,190.0,100,28.0,200.0,100,14.0,220.0,110,8.0,10.0,5,2.2,2,0
0,5,415,300.0,0,0,0,30.0,10,4.0,20.0,15,2.0,30.0,10,0.5,1.0,0,0.1,3,0
48,200,510,3400.0,0,1,30,310.0,140,45.0,310.0,140,25.0,330.0,150,13.0,16.0,10,4.6,4,0
16,70,415,1400.0,0,0,0,140.0,80,22.0,140.0,85,12.0,170.0,90,7.0,9.0,3,1.7,5,0
32,150,408,2800.0,0,1,20,260.0,120,35.0,250.0,120,19.0,300.0,130,10.0,13.0,7,3.2,6,0
7,25,415,500.0,0,0,0,60.0,20,8.0,50.0,30,4.0,60.0,25,2.0,3.0,0,0.3,7,0
43,180,510,3100.0,0,1,26,300.0,130,42.0,300.0,140,23.0,320.0,140,12.0,15.0,9,4.4,8,0
5,30,415,700.0,0,0,0,90.0,35,12.0,70.0,40,6.0,80.0,35,3.0,4.0,1,0.7,9,0
29,120,408,2200.0,0,1,14,210.0,95,30.0,190.0,105,16.0,260.0,110,9.0,12.0,6,2.6,1,0
40,160,510,2800.0,0,0,18,240.0,110,32.0,230.0,115,17.0,260.0,120,9.0,12.0,6,2.8,2,0
2,10,415,400.0,0,0,0,50.0,15,5.0,30.0,20,3.0,40.0,15,1.0,2.0,0,0.2,3,0
38,140,408,2600.0,0,1,12,190.0,100,28.0,200.0,100,14.0,220.0,110,8.0,10.0,5,2.2,4,0
23,120,415,2100.0,0,0,0,190.5,110,32.1,210.0,95,15.2,190.0,95,8.5,12.0,6,3.0,0,0
47,200,510,3500.0,0,1,12,250.3,140,40.5,260.0,120,22.0,280.0,130,12.0,15.0,9,4.5,1,0
5,60,408,1800.0,1,0,0,120.0,80,20.0,140.0,70,10.0,150.0,80,6.0,8.0,4,2.0,2,0
32,150,415,2500.0,0,0,0,220.0,120,35.0,240.0,110,18.0,230.0,115,10.0,11.0,7,3.5,0,0
48,210,408,4000.0,0,1,5,300.0,150,45.0,310.0,140,25.0,320.0,140,14.0,18.0,12,5.0,1,0
12,80,510,1200.0,0,0,0,170.0,90,28.0,190.0,90,14.0,170.0,90,7.0,9.0,5,2.5,3,0
27,110,415,2200.0,0,1,20,200.0,110,32.0,220.0,100,16.0,210.0,100,9.0,10.0,6,3.0,0,0
39,190,510,3500.0,0,0,0,260.0,140,38.0,280.0,130,22.0,300.0,130,12.0,16.0,10,4.0,1,0
4,45,408,800.0,1,1,30,100.0,60,15.0,120.0,70,12.0,140.0,70,5.0,6.0,3,1.5,4,0
31,140,415,2600.0,0,0,0,230.0,120,36.0,250.0,115,19.0,260.0,115,11.0,12.0,7,3.2,0,0
22,95,510,1800.0,0,1,8,160.0,100,27.0,200.0,90,15.0,190.0,90,8.0,9.0,5,2.8,5,0
18,130,408,2100.0,0,0,0,210.0,110,34.0,230.0,105,18.0,240.0,105,10.0,11.0,6,3.0,6,0
45,170,415,3000.0,0,1,15,280.0,140,42.0,270.0,120,22.0,280.0,120,13.0,15.0,9,4.5,7,0
1,30,510,500.0,1,0,0,80.0,40,10.0,90.0,50,8.0,80.0,50,4.0,4.0,2,1.0,8,0
34,160,408,2800.0,0,0,0,240.0,120,38.0,260.0,110,20.0,250.0,110,11.0,12.0,7,3.5,0,0
28,140,415,2600.0,0,1,25,260.0,130,40.0,280.0,120,22.0,270.0,120,12.0,14.0,8,4.0,1,0
9,70,510,1500.0,0,0,0,140.0,80,25.0,170.0,90,15.0,160.0,90,8.0,9.0,5,2.5,2,0
41,190,415,3500.0,0,1,10,300.0,150,45.0,310.0,140,25.0,320.0,140,14.0,18.0,12,5.0,3,0
15,110,408,2000.0,0,0,0,190.0,110,33.0,210.0,100,17.0,200.0,100,9.0,10.0,6,3.0,4,0
38,180,510,3300.0,0,1,5,280.0,140,42.0,280.0,120,22.0,260.0,120,11.0,13.0,8,4.0,5,0
0,20,415,400.0,1,0,0,60.0,30,12.0,70.0,40,6.0,60.0,40,3.0,3.0,1,0.5,6,0
24,140,408,2400.0,0,0,0,220.0,110,35.0,240.0,110,18.0,230.0,110,10.0,11.0,6,3.0,7,0
37,170,510,3100.0,0,1,12,260.0,140,40.0,270.0,120,22.0,260.0,120,11.0,13.0,8,4.0,8,0
11,90,415,1700.0,0,0,0,170.0,90,28.0,190.0,90,15.0,170.0,90,8.0,9.0,5,2.5,9,0
29,150,408,2600.0,0,1,20,250.0,120,38.0,260.0,110,20.0,250.0,110,11.0,12.0,7,3.5,0,0
6,50,510,900.0,1,1,25,110.0,60,18.0,120.0,70,12.0,140.0,70,5.0,6.0,3,1.5,1,0
42,200,415,3800.0,0,0,0,310.0,150,48.0,320.0,140,24.0,310.0,140,13.0,17.0,11,4.8,2,0
19,120,408,2100.0,0,1,10,210.0,110,35.0,240.0,110,18.0,230.0,110,10.0,11.0,6,3.0,3,0
7,55,510,1100.0,0,0,0,130.0,70,22.0,150.0,80,13.0,140.0,80,6.0,8.0,4,2.0,4,0
23,100,415,1900.0,0,1,5,180.0,90,30.0,200.0,90,15.0,190.0,90,8.0,9.0,5,2.5,5,0
35,160,408,2800.0,0,0,0,240.0,120,38.0,260.0,110,20.0,250.0,110,11.0,12.0,7,3.5,6,0
13,70,510,1400.0,0,1,15,150.0,80,25.0,170.0,90,15.0,160.0,90,8.0,9.0,5,2.5,7,0
46,210,415,4000.0,0,0,0,300.0,150,45.0,310.0,140,25.0,320.0,140,14.0,18.0,12,5.0,8,0
2,40,408,700.0,1,0,0,90.0,50,15.0,100.0,60,10.0,90.0,60,5.0,5.0,2,1.0,9,0
27,130,510,2500.0,0,1,20,220.0,110,35.0,240.0,110,18.0,230.0,110,10.0,11.0,6,3.0,0,0
30,140,415,2600.0,0,0,0,230.0,120,36.0,250.0,115,19.0,260.0,115,11.0,12.0,7,3.2,1,0
5,60,408,1200.0,1,1,30,140.0,80,25.0,170.0,90,15.0,160.0,90,8.0,9.0,5,2.5,2,0
39,190,510,3500.0,0,0,0,260.0,140,38.0,280.0,130,22.0,300.0,130,12.0,16.0,10,4.0,3,0
14,90,415,1700.0,0,0,0,170.0,90,28.0,190.0,90,15.0,170.0,90,8.0,9.0,5,2.5,4,0
22,110,408,2000.0,0,1,5,190.0,110,33.0,210.0,100,17.0,200.0,100,9.0,10.0,6,3.0,5,0
36,170,510,3000.0,0,0,0,260.0,140,40.0,270.0,120,22.0,260.0,120,11.0,13.0,8,4.0,6,0
8,70,415,1400.0,0,1,15,150.0,80,25.0,170.0,90,15.0,160.0,90,8.0,9.0,5,2.5,7,0
41,200,408,3800.0,0,0,0,310.0,150,48.0,320.0,140,24.0,310.0,140,13.0,17.0,11,4.8,8,0
3,30,510,800.0,1,0,0,80.0,40,10.0,90.0,50,8.0,80.0,50,4.0,4.0,2,1.0,9,0
18,120,415,2100.0,0,1,10,210.0,110,35.0,240.0,110,18.0,230.0,110,10.0,11.0,6,3.0,0,0
25,140,408,2400.0,0,0,0,220.0,110,35.0,240.0,110,18.0,230.0,110,10.0,11.0,6,3.0,1,0
40,190,510,3500.0,0,1,5,280.0,140,42.0,280.0,120,22.0,260.0,120,11.0,13.0,8,4.0,2,0
17,110,415,1900.0,0,0,0,180.0,90,30.0,200.0,90,15.0,190.0,90,8.0,9.0,5,2.5,3,0
23,100,408,2100.0,0,1,5,190.0,110,33.0,210.0,100,17.0,200.0,100,9.0,10.0,6,3.0,4,0
31,140,510,2600.0,0,0,0,230.0,120,36.0,250.0,115,19.0,260.0,115,11.0,12.0,7,3.2,5,0
12,78,415,2600.0,0,0,4,190.0,110,28.0,210.0,100,16.0,200.0,90,8.0,10.0,4,2.0,2,0
33,140,510,3800.0,1,0,8,240.0,120,30.0,250.0,120,20.0,270.0,110,9.0,12.0,6,3.0,3,0
7,55,408,1400.0,0,1,1,100.0,60,12.0,80.0,60,10.0,110.0,50,5.0,7.0,2,1.0,4,0
42,190,415,4400.0,0,0,7,310.0,140,40.0,310.0,140,24.0,340.0,150,14.0,17.0,11,4.5,5,1
25,110,510,2600.0,0,0,3,180.0,100,20.0,190.0,90,12.0,210.0,80,7.0,9.0,4,2.5,6,0
15,80,415,2000.0,1,1,5,140.0,70,15.0,120.0,70,14.0,140.0,70,6.0,8.0,3,1.5,7,0
48,220,510,4700.0,0,0,10,330.0,150,45.0,330.0,140,26.0,350.0,140,13.0,16.0,10,4.0,8,1
4,40,408,1100.0,0,0,0,80.0,50,10.0,70.0,50,8.0,90.0,50,4.0,6.0,1,0.8,9,0
35,160,415,4100.0,1,0,8,260.0,130,35.0,260.0,120,20.0,280.0,120,10.0,12.0,7,3.0,0,0
12,55,510,1500.0,0,1,2,120.0,70,15.0,90.0,70,12.0,140.0,70,6.0,8.0,3,1.5,1,0
27,95,415,2800.0,0,0,4,190.0,90,25.0,210.0,100,16.0,200.0,90,8.0,10.0,4,2.0,2,0
41,210,510,4600.0,0,1,9,320.0,140,40.0,310.0,140,24.0,340.0,150,14.0,17.0,11,4.5,3,1
5,45,408,1300.0,0,0,1,90.0,60,12.0,80.0,60,10.0,110.0,50,5.0,7.0,2,1.0,4,0
36,140,415,3500.0,1,0,7,240.0,120,30.0,250.0,120,20.0,270.0,110,9.0,12.0,6,3.0,5,0
8,55,510,1700.0,0,1,3,140.0,70,15.0,120.0,70,14.0,140.0,70,6.0,8.0,3,1.5,6,0
49,230,415,4800.0,0,0,12,340.0,160,55.0,350.0,155,28.0,360.0,160,16.0,19.0,15,5.0,7,1
3,35,408,1200.0,0,0,0,80.0,40,10.0,70.0,50,8.0,90.0,50,4.0,6.0,1,0.8,8,0
28,100,415,3000.0,1,0,5,200.0,90,25.0,200.0,100,16.0,200.0,90,8.0,10.0,4,2.0,9,0
13,60,510,1900.0,0,1,2,140.0,70,15.0,120.0,70,14.0,140.0,70,6.0,8.0,3,1.5,0,0
39,170,415,4200.0,1,0,9,260.0,130,35.0,260.0,120,20.0,280.0,120,10.0,12.0,7,3.0,1,0
6,50,408,1400.0,0,0,1,90.0,60,12.0,80.0,60,10.0,110.0,50,5.0,7.0,2,1.0,2,0
44,210,510,4700.0,0,1,10,330.0,150,45.0,330.0,140,26.0,350.0,140,13.0,16.0,10,4.0,3,1
1,30,415,1000.0,0,0,0,70.0,40,8.0,60.0,40,6.0,80.0,40,3.0,5.0,1,0.5,4,0
32,140,415,3600.0,1,0,6,250.0,110,30.0,240.0,110,18.0,260.0,110,9.0,11.0,5,2.5,5,0
23,90,510,2600.0,0,0,3,180.0,100,20.0,190.0,95,12.0,210.0,80,7.0,9.0,4,2.5,6,0
17,80,415,2000.0,1,1,5,140.0,70,15.0,120.0,70,14.0,140.0,70,6.0,8.0,3,1.5,7,0
47,220,510,4700.0,0,0,10,330.0,150,45.0,330.0,140,26.0,350.0,140,13.0,16.0,10,4.0,8,1
29,110,415,2900.0,0,1,5,200.0,95,27.0,220.0,105,18.0,210.0,95,9.0,11.0,5,2.5,3,0
43,215,510,4650.0,1,0,8,325.0,145,42.0,315.0,145,26.0,345.0,155,15.0,18.0,12,4.8,4,1
6,55,408,1350.0,0,0,2,95.0,65,13.0,85.0,65,12.0,115.0,55,6.0,8.0,3,1.5,5,0
38,145,415,3550.0,1,0,9,245.0,125,32.0,255.0,125,22.0,275.0,115,10.0,13.0,7,3.5,6,0
9,60,510,1750.0,0,1,4,145.0,75,16.0,125.0,75,15.0,145.0,75,7.0,9.0,4,1.8,7,0
50,235,415,4850.0,0,0,13,345.0,165,56.0,355.0,160,29.0,365.0,165,17.0,20.0,16,5.2,8,1
4,38,408,1250.0,0,0,1,85.0,45,11.0,75.0,55,9.0,95.0,55,4.5,6.5,2,0.9,9,0
30,105,415,3050.0,1,0,6,205.0,95,26.0,205.0,105,17.0,205.0,95,9.0,11.0,5,2.3,0,0
14,65,510,1950.0,0,1,3,145.0,75,16.0,125.0,75,15.0,145.0,75,7.0,9.0,4,1.7,1,0
40,175,415,4250.0,1,0,10,265.0,135,36.0,265.0,125,21.0,285.0,125,11.0,13.0,8,3.3,2,0
22,110,415,2600.0,0,0,12,190.0,95,32.0,210.0,105,18.0,220.0,110,9.5,11.0,5,3.0,1,0
5,45,510,1500.0,0,1,4,120.0,60,25.0,140.0,80,12.0,150.0,70,7.0,8.0,3,2.5,0,0
48,200,408,4000.0,0,0,20,300.0,140,45.0,320.0,140,25.0,350.0,150,12.0,15.0,10,4.5,2,0
30,150,415,3500.0,0,1,8,250.0,110,35.0,260.0,120,20.0,280.0,120,10.0,12.0,6,3.2,3,0
12,70,510,2000.0,0,0,6,140.0,80,28.0,170.0,90,15.0,190.0,90,8.0,9.0,4,2.8,4,0
47,220,408,4900.0,0,0,30,350.0,160,55.0,360.0,155,30.0,370.0,165,14.0,17.0,13,5.0,7,0
27,90,415,2700.0,0,1,10,200.0,100,30.0,220.0,110,19.0,240.0,115,9.0,11.0,5,3.1,6,0
4,25,510,1200.0,0,0,2,100.0,50,20.0,120.0,70,10.0,140.0,60,6.0,7.0,2,1.8,7,0
45,180,408,4200.0,0,0,18,310.0,130,48.0,310.0,145,27.0,340.0,155,12.5,14.0,9,4.2,8,0
19,60,415,2200.0,0,1,5,160.0,70,26.0,180.0,95,14.0,200.0,85,7.5,9.0,3,2.4,0,0
33,140,510,3100.0,0,0,15,210.0,90,33.0,240.0,115,18.0,260.0,110,9.0,11.0,5,3.3,1,0
8,35,415,1400.0,0,1,3,110.0,55,22.0,130.0,75,12.0,150.0,65,6.5,8.0,2,1.5,2,0
41,190,408,4600.0,0,0,22,320.0,140,49.0,330.0,150,29.0,360.0,160,13.0,15.0,11,4.7,3,0
15,55,510,1900.0,0,0,7,140.0,80,27.0,170.0,90,15.0,190.0,90,8.0,9.0,4,2.9,4,0
28,120,415,2800.0,0,1,9,210.0,95,34.0,230.0,110,17.0,250.0,105,9.2,10.0,5,3.0,5,0
2,10,415,800.0,0,0,1,70.0,30,15.0,80.0,50,8.0,90.0,40,4.0,5.0,1,1.2,6,0
23,110,510,2600.0,0,1,12,190.0,95,32.0,210.0,105,18.0,220.0,110,9.5,11.0,5,3.0,0,0
9,40,415,1300.0,0,0,4,120.0,60,24.0,140.0,80,12.0,150.0,70,7.0,8.0,3,2.5,3,0
36,170,408,4300.0,0,0,20,310.0,130,48.0,310.0,145,27.0,340.0,155,12.5,14.0,9,4.2,2,0
14,65,510,1900.0,0,1,6,140.0,80,27.0,170.0,90,15.0,190.0,90,8.0,9.0,4,2.9,4,0
31,140,415,3000.0,0,0,14,200.0,90,33.0,240.0,115,18.0,260.0,110,9.0,11.0,5,3.3,4,0
42,210,408,4700.0,0,0,28,330.0,140,49.0,330.0,150,29.0,360.0,160,13.0,15.0,11,4.7,5,0
6,20,510,900.0,0,0,2,80.0,40,18.0,100.0,60,9.0,120.0,50,5.0,6.0,1,1.5,6,0
24,95,415,2500.0,0,1,10,180.0,85,31.0,200.0,100,16.0,230.0,95,8.5,10.0,4,2.8,7,0
39,160,408,4400.0,0,0,22,310.0,140,48.0,310.0,145,27.0,340.0,155,12.5,14.0,9,4.2,8,0
18,70,510,2100.0,0,1,8,170.0,75,29.0,190.0,95,15.0,210.0,90,8.0,9.0,4,2.7,0,0
27,130,415,2900.0,0,0,12,210.0,95,34.0,240.0,110,18.0,260.0,110,9.0,11.0,5,3.2,1,0
3,15,415,700.0,0,0,1,60.0,35,12.0,70.0,45,7.0,80.0,35,3.0,4.0,1,0.8,2,0
34,190,408,4600.0,0,0,25,320.0,140,49.0,330.0,150,29.0,360.0,160,13.0,15.0,11,4.7,3,0
11,50,510,1700.0,0,1,5,140.0,80,27.0,170.0,90,15.0,190.0,90,8.0,9.0,4,2.9,4,0
40,200,408,4800.0,0,0,28,350.0,160,55.0,360.0,155,30.0,370.0,165,14.0,17.0,13,5.0,5,0
7,25,415,1100.0,0,0,3,90.0,45,20.0,110.0,70,11.0,140.0,65,6.0,7.0,2,1.6,6,0
44,210,408,4700.0,0,0,27,330.0,140,49.0,330.0,150,29.0,360.0,160,13.0,15.0,11,4.7,7,0
20,80,510,2300.0,0,1,9,180.0,90,32.0,210.0,105,18.0,220.0,110,9.5,11.0,5,3.0,8,0
13,55,415,1900.0,0,0,6,140.0,80,27.0,170.0,90,15.0,190.0,90,8.0,9.0,4,2.9,0,0
29,140,415,2800.0,0,1,11,210.0,95,34.0,240.0,110,18.0,260.0,110,9.0,11.0,5,3.2,1,0
5,30,510,1200.0,0,0,2,100.0,50,20.0,120.0,70,10.0,140.0,60,6.0,7.0,2,1.8,2,0
46,230,408,4900.0,0,0,32,360.0,170,57.0,370.0,160,31.0,380.0,170,15.0,18.0,14,5.2,3,0
17,75,510,2100.0,0,1,7,170.0,75,29.0,190.0,95,15.0,210.0,90,8.0,9.0,4,2.7,4,0
32,140,415,3100.0,0,0,13,210.0,90,33.0,240.0,115,18.0,260.0,110,9.0,11.0,5,3.3,5,0
1,5,415,500.0,0,0,0,40.0,20,10.0,50.0,30,5.0,60.0,25,2.0,3.0,0,0.5,6,0
38,210,408,4700.0,0,0,28,330.0,140,49.0,330.0,150,29.0,360.0,160,13.0,15.0,11,4.7,7,0
22,100,510,2600.0,0,1,12,190.0,95,32.0,210.0,105,18.0,220.0,110,9.5,11.0,5,3.0,8,0
23,120,415,2800.0,0,0,10,210.0,95,34.0,240.0,110,18.0,260.0,110,9.0,11.0,5,3.2,0,0
30,140,415,3000.0,0,0,14,200.0,90,33.0,240.0,115,18.0,260.0,110,9.0,11.0,5,3.3,1,0
12,55,510,1900.0,0,1,6,140.0,80,27.0,170.0,90,15.0,190.0,90,8.0,9.0,4,2.9,2,0
35,170,408,4200.0,0,0,18,310.0,130,48.0,310.0,145,27.0,340.0,155,12.5,14.0,9,4.2,4,0
27,110,510,2600.0,0,1,12,190.0,95,32.0,210.0,105,18.0,220.0,110,9.5,11.0,5,3.0,5,0
27,110,415,2600.0,0,1,5,190.0,95,32.0,210.0,110,18.0,220.0,100,9.5,12.0,5,3.0,1,0
12,45,408,1800.0,0,0,0,80.0,70,15.0,250.0,90,20.0,260.0,120,11.0,8.0,3,2.5,0,0
42,200,510,4000.0,1,1,12,300.0,140,45.0,180.0,120,25.0,150.0,80,7.0,15.0,6,4.0,2,1
5,20,415,800.0,0,0,0,30.0,25,5.0,300.0,140,28.0,350.0,150,15.0,18.0,10,5.0,3,0
35,150,415,3500.0,0,1,8,220.0,110,35.0,190.0,95,17.0,210.0,95,9.0,11.0,4,3.0,1,0
23,80,408,2100.0,0,0,0,140.0,60,20.0,260.0,115,22.0,240.0,110,10.0,9.0,3,2.8,0,0
48,220,510,4800.0,1,1,15,330.0,150,55.0,170.0,130,27.0,140.0,70,6.0,14.0,5,4.5,2,1
9,30,415,1200.0,0,0,0,50.0,35,10.0,280.0,125,24.0,320.0,140,13.0,16.0,8,5.0,4,0
31,110,408,2700.0,0,1,10,250.0,90,38.0,200.0,105,19.0,190.0,95,8.0,12.0,4,3.2,1,0
16,60,510,1500.0,0,0,0,70.0,45,12.0,310.0,135,26.0,330.0,145,14.0,17.0,9,5.0,5,0
22,95,415,2200.0,0,1,7,180.0,80,28.0,240.0,110,21.0,210.0,100,9.0,10.0,4,3.0,6,0
39,170,408,4300.0,1,1,20,310.0,140,48.0,160.0,125,28.0,130.0,70,7.0,13.0,5,4.0,2,1
4,10,415,500.0,0,0,0,20.0,15,4.0,350.0,150,30.0,360.0,160,16.0,19.0,10,5.2,0,0
28,140,510,3200.0,0,1,8,260.0,110,38.0,190.0,100,18.0,200.0,90,9.0,11.0,4,3.5,1,0
13,55,415,1400.0,0,0,0,60.0,40,12.0,280.0,130,25.0,310.0,140,13.0,16.0,8,5.0,8,0
47,210,408,4700.0,1,1,18,340.0,155,52.0,150.0,120,27.0,120.0,65,6.0,12.0,5,4.0,2,1
7,25,415,900.0,0,0,0,40.0,20,6.0,330.0,140,29.0,340.0,155,15.0,18.0,9,5.1,9,0
34,160,510,3600.0,0,1,11,280.0,120,42.0,170.0,105,19.0,190.0,95,9.0,10.0,4,3.3,0,0
20,90,415,1900.0,0,0,0,110.0,70,18.0,260.0,120,24.0,300.0,140,13.0,17.0,8,5.0,1,0
41,190,408,4400.0,1,1,22,320.0,150,50.0,140.0,110,26.0,130.0,70,7.0,13.0,5,4.0,2,1
2,5,415,300.0,0,0,0,10.0,5,1.0,350.0,150,30.0,360.0,160,16.0,19.0,10,5.2,0,0
26,120,510,3100.0,0,1,6,230.0,95,35.0,210.0,95,17.0,220.0,100,10.0,11.0,4,3.4,1,0
18,85,415,2100.0,0,0,0,120.0,80,22.0,250.0,110,21.0,240.0,110,11.0,12.0,5,3.6,3,0
44,200,408,4600.0,1,1,25,350.0,160,55.0,140.0,115,28.0,120.0,70,6.0,13.0,5,4.0,2,1
14,70,415,1700.0,0,0,0,90.0,60,18.0,280.0,130,24.0,310.0,140,13.0,16.0,8,5.0,4,0
30,140,510,3300.0,0,1,9,260.0,110,38.0,190.0,100,18.0,200.0,90,9.0,11.0,4,3.5,1,0
8,35,415,1100.0,0,0,0,50.0,35,10.0,280.0,125,24.0,320.0,140,13.0,16.0,8,5.0,5,0
36,190,408,4500.0,1,1,23,330.0,150,52.0,150.0,120,27.0,120.0,65,6.0,12.0,5,4.0,2,1
1,2,415,200.0,0,0,0,5.0,2,0.5,350.0,150,30.0,360.0,160,16.0,19.0,10,5.2,0,0
24,110,510,2800.0,0,1,7,200.0,90,30.0,220.0,105,19.0,210.0,100,10.0,11.0,4,3.4,1,0
19,95,415,2400.0,0,0,0,140.0,80,22.0,260.0,110,21.0,240.0,110,11.0,12.0,5,3.6,3,0
42,210,408,4600.0,1,1,24,340.0,155,50.0,140.0,110,26.0,130.0,70,7.0,13.0,5,4.0,2,1
3,8,415,400.0,0,0,0,15.0,5,1.0,350.0,150,30.0,360.0,160,16.0,19.0,10,5.2,0,0
27,120,510,3100.0,0,1,6,230.0,95,35.0,210.0,95,17.0,220.0,100,10.0,11.0,4,3.4,1,0
15,70,415,1700.0,0,0,0,90.0,60,18.0,280.0,130,24.0,310.0,140,13.0,16.0,8,5.0,4,0
38,180,408,4400.0,1,1,22,330.0,150,50.0,140.0,110,26.0,130.0,70,7.0,13.0,5,4.0,2,1
5,15,415,600.0,0,0,0,25.0,10,5.0,340.0,140,29.0,350.0,155,15.0,18.0,9,5.1,9,0
32,140,510,3200.0,0,1,8,260.0,110,38.0,190.0,100,18.0,200.0,90,9.0,11.0,4,3.5,1,0
21,90,415,2000.0,0,0,0,110.0,70,18.0,260.0,120,24.0,300.0,140,13.0,17.0,8,5.0,1,0
46,220,408,4700.0,1,1,20,330.0,150,52.0,150.0,120,27.0,120.0,65,6.0,12.0,5,4.0,2,1
0,5,415,300.0,0,0,0,10.0,5,1.0,350.0,150,30.0,360.0,160,16.0,19.0,10,5.2,0,0
29,130,510,3000.0,0,1,7,210.0,90,28.0,220.0,105,19.0,210.0,100,10.0,11.0,4,3.4,1,0
11,60,415,1500.0,0,0,0,70.0,45,12.0,310.0,135,26.0,330.0,145,14.0,17.0,9,5.0,5,0
23,95,415,2200.0,0,1,7,180.0,80,28.0,240.0,110,21.0,210.0,100,9.0,10.0,4,3.0,6,0
37,190,408,4600.0,1,1,25,350.0,160,55.0,140.0,115,28.0,120.0,70,6.0,13.0,5,4.0,2,1
31,140,510,3300.0,0,1,9,260.0,110,38.0,190.0,100,18.0,200.0,90,9.0,11.0,4,3.5,1,0
6,20,415,800.0,0,0,0,40.0,20,6.0,330.0,140,29.0,340.0,155,15.0,18.0,9,5.1,9,0
17,85,415,2100.0,0,0,0,120.0,80,22.0,250.0,110,21.0,240.0,110,11.0,12.0,5,3.6,3,0
45,210,408,4600.0,1,1,23,340.0,155,50.0,140.0,110,26.0,130.0,70,7.0,13.0,5,4.0,2,1
12,110,415,2800.0,0,0,0,190.5,95,28.3,210.2,102,15.8,220.4,110,8.7,9.5,5,2.1,1,0
37,150,408,3100.0,0,1,2,250.0,120,35.0,180.0,90,18.0,260.0,140,10.0,12.0,6,3.0,0,0
5,70,510,1500.0,1,0,0,140.0,80,22.0,140.0,80,12.0,190.0,90,7.0,8.0,4,1.5,2,0
48,200,415,4200.0,0,0,0,300.0,140,45.0,320.0,140,25.0,350.0,150,15.0,18.0,10,4.5,1,0
23,90,408,2200.0,0,1,1,170.0,110,30.0,190.0,95,14.0,210.0,100,9.0,11.0,5,2.0,0,0
30,130,415,2600.0,0,0,0,210.0,115,32.0,210.0,110,16.0,240.0,120,11.0,13.0,7,3.5,1,0
2,50,510,800.0,1,0,0,90.0,60,15.0,80.0,70,10.0,120.0,70,5.0,6.0,2,1.0,0,0
42,180,415,3500.0,0,0,0,280.0,130,40.0,280.0,130,22.0,310.0,140,13.0,16.0,9,4.0,1,0
15,95,408,1900.0,0,1,0,160.0,90,25.0,170.0,85,13.0,200.0,95,8.0,9.0,4,2.5,0,0
27,140,415,2700.0,0,0,0,220.0,120,35.0,220.0,100,17.0,260.0,110,10.0,12.0,6,3.0,1,0
38,210,510,4000.0,1,0,0,310.0,150,48.0,330.0,150,28.0,360.0,160,16.0,18.0,11,5.0,2,0
4,60,408,900.0,0,1,0,120.0,70,20.0,100.0,80,12.0,140.0,85,7.0,8.0,3,1.8,0,0
31,160,415,3000.0,0,0,0,240.0,125,38.0,250.0,115,19.0,280.0,130,12.0,14.0,7,3.5,1,0
22,85,510,1700.0,0,1,0,150.0,80,20.0,140.0,90,13.0,190.0,95,8.0,9.0,4,2.0,2,0
47,190,415,3800.0,0,0,0,270.0,140,42.0,310.0,140,24.0,340.0,150,14.0,17.0,10,4.2,1,0
6,55,408,1100.0,1,0,0,110.0,70,18.0,100.0,80,12.0,140.0,85,7.0,8.0,3,1.8,0,0
34,170,415,3300.0,0,0,0,260.0,135,44.0,300.0,135,23.0,330.0,140,15.0,16.0,9,4.5,1,0
13,75,510,1400.0,0,1,0,130.0,85,22.0,120.0,85,13.0,170.0,90,7.0,9.0,4,2.0,2,0
46,220,415,4300.0,0,0,0,310.0,150,48.0,340.0,150,28.0,370.0,160,16.0,18.0,11,5.0,1,0
2,40,408,600.0,1,0,0,80.0,55,15.0,70.0,70,10.0,120.0,70,5.0,6.0,2,1.5,0,0
29,140,415,2700.0,0,0,0,220.0,120,35.0,220.0,100,17.0,260.0,110,10.0,12.0,6,3.0,1,0
12,80,510,1700.0,0,1,0,150.0,80,20.0,140.0,90,13.0,190.0,95,8.0,9.0,4,2.0,0,0
37,190,415,3600.0,0,0,0,280.0,140,45.0,310.0,140,24.0,350.0,150,15.0,17.0,10,4.3,1,0
8,60,408,1200.0,0,1,0,120.0,70,20.0,100.0,80,12.0,140.0,85,7.0,8.0,3,1.8,0,0
30,160,415,2900.0,0,0,0,240.0,125,38.0,250.0,115,19.0,280.0,130,12.0,14.0,7,3.5,1,0
4,55,510,900.0,1,0,0,100.0,60,18.0,90.0,75,11.0,130.0,80,6.0,7.0,3,1.5,0,0
23,120,415,2600.0,0,0,0,210.0,115,34.0,210.0,105,16.0,260.0,115,9.0,11.0,5,2.8,1,0
16,85,408,1700.0,0,1,0,140.0,80,22.0,140.0,90,13.0,190.0,95,8.0,9.0,4,2.0,2,0
42,210,415,4100.0,0,0,0,290.0,145,47.0,320.0,145,27.0,360.0,155,16.0,18.0,11,5.0,1,0
12,85,415,2500.0,0,1,20,170.5,95,28.3,210.2,110,18.5,190.4,120,9.2,12.0,5,2.5,2,0
45,150,408,4000.0,0,0,5,140.0,80,22.1,180.0,90,15.0,160.0,110,8.0,9.5,10,1.8,0,0
3,60,510,1200.0,1,0,30,200.0,140,35.0,250.0,120,20.0,220.0,130,12.0,15.0,3,3.0,1,0
27,110,415,3000.0,0,1,10,160.0,100,27.5,190.0,95,17.0,200.0,115,10.0,11.0,8,2.0,3,0
50,200,408,4500.0,0,0,0,250.0,150,40.0,300.0,140,25.0,280.0,150,14.0,18.0,12,4.5,4,0
8,45,415,1800.0,0,1,25,190.0,110,30.0,220.0,105,19.0,210.0,125,11.0,13.0,6,2.2,5,0
22,90,510,3500.0,0,0,15,170.0,120,25.0,200.0,100,16.0,190.0,110,9.5,10.0,9,1.5,6,0
5,30,415,2200.0,1,1,40,140.0,70,20.0,170.0,80,14.0,150.0,90,7.0,8.0,2,0.5,7,0
38,170,408,4800.0,0,0,5,260.0,160,45.0,330.0,155,28.0,350.0,160,15.5,18.5,15,4.8,8,0
14,75,510,2600.0,0,1,35,180.0,90,27.0,210.0,95,17.5,200.0,110,9.0,12.0,7,2.0,9,0
28,140,415,3200.0,0,0,0,150.0,80,22.0,180.0,85,15.0,160.0,95,8.0,9.0,4,1.0,0,0
2,20,408,800.0,1,1,45,300.0,140,50.0,350.0,150,30.0,360.0,160,16.0,19.0,17,5.0,1,0
40,190,510,4700.0,0,0,10,220.0,120,35.0,260.0,110,22.0,240.0,130,12.0,15.0,10,3.0,2,0
6,55,415,1500.0,0,1,20,130.0,60,18.0,160.0,70,13.0,140.0,80,6.0,7.0,3,0.8,3,0
32,120,408,4100.0,0,0,5,240.0,130,40.0,310.0,140,27.0,320.0,150,14.0,17.0,12,4.0,4,0
19,80,510,2800.0,0,1,30,170.0,100,30.0,220.0,100,18.0,200.0,110,10.0,12.0,6,2.5,5,0
11,65,415,1900.0,1,0,35,210.0,110,32.0,240.0,115,21.0,230.0,120,11.0,13.0,8,3.0,6,0
47,210,408,4900.0,0,0,0,260.0,150,45.0,340.0,155,29.0,360.0,160,15.5,18.5,15,5.0,7,0
4,25,510,900.0,0,1,40,280.0,140,48.0,350.0,150,30.0,360.0,160,16.0,19.0,17,5.0,8,0
23,95,415,3100.0,0,0,5,140.0,80,22.0,170.0,85,15.0,160.0,95,8.0,9.0,4,1.0,9,0
15,70,408,2700.0,0,1,25,190.0,100,28.0,210.0,95,17.5,200.0,110,9.0,12.0,7,2.0,0,0
33,160,510,4400.0,0,0,10,220.0,120,35.0,260.0,110,22.0,240.0,130,12.0,15.0,10,3.0,1,0
7,35,415,1400.0,1,1,30,130.0,60,18.0,160.0,70,13.0,140.0,80,6.0,7.0,3,0.8,2,0
41,190,408,4600.0,0,0,5,240.0,130,40.0,310.0,140,27.0,320.0,150,14.0,17.0,12,4.0,3,0
18,90,510,3000.0,0,1,20,170.0,100,28.0,210.0,95,17.5,200.0,110,9.0,12.0,7,2.0,4,0
9,55,415,1600.0,0,0,35,190.0,110,32.0,240.0,115,21.0,230.0,120,11.0,13.0,8,3.0,5,0
46,210,408,4800.0,0,0,0,260.0,150,45.0,340.0,155,29.0,360.0,160,15.5,18.5,15,5.0,6,0
1,10,510,500.0,1,1,45,300.0,140,50.0,350.0,150,30.0,360.0,160,16.0,19.0,17,5.0,7,0
24,110,415,3300.0,0,0,5,140.0,80,22.0,170.0,85,15.0,160.0,95,8.0,9.0,4,1.0,8,0
13,75,408,2600.0,0,1,25,190.0,100,28.0,210.0,95,17.5,200.0,110,9.0,12.0,7,2.0,9,0
35,170,510,4700.0,0,0,10,220.0,120,35.0,260.0,110,22.0,240.0,130,12.0,15.0,10,3.0,0,0
0,5,415,400.0,1,1,40,280.0,140,48.0,350.0,150,30.0,360.0,160,16.0,19.0,17,5.0,1,0
27,120,408,3200.0,0,0,5,140.0,80,22.0,170.0,85,15.0,160.0,95,8.0,9.0,4,1.0,2,0
16,85,510,2800.0,0,1,30,170.0,100,30.0,220.0,100,18.0,200.0,110,10.0,12.0,6,2.5,3,0
10,60,415,1900.0,1,0,35,210.0,110,32.0,240.0,115,21.0,230.0,120,11.0,13.0,8,3.0,4,0
48,220,408,4900.0,0,0,0,270.0,160,48.0,350.0,160,30.0,360.0,160,16.0,19.0,17,5.0,5,0
2,15,510,700.0,0,1,40,280.0,140,48.0,350.0,150,30.0,360.0,160,16.0,19.0,17,5.0,6,0
29,140,415,3400.0,0,0,5,140.0,80,22.0,170.0,85,15.0,160.0,95,8.0,9.0,4,1.0,7,0
17,80,408,2800.0,0,1,25,190.0,100,28.0,210.0,95,17.5,200.0,110,9.0,12.0,7,2.0,8,0
39,190,510,4600.0,0,0,10,220.0,120,35.0,260.0,110,22.0,240.0,130,12.0,15.0,10,3.0,9,0
3,25,415,900.0,1,1,40,280.0,140,48.0,350.0,150,30.0,360.0,160,16.0,19.0,17,5.0,0,0
26,110,408,3100.0,0,0,5,140.0,80,22.0,170.0,85,15.0,160.0,95,8.0,9.0,4,1.0,1,0
14,70,510,2600.0,0,1,25,190.0,100,28.0,210.0,95,17.5,200.0,110,9.0,12.0,7,2.0,2,0
38,170,415,4700.0,0,0,10,220.0,120,35.0,260.0,110,22.0,240.0,130,12.0,15.0,10,3.0,3,0
5,35,408,1400.0,1,1,30,130.0,60,18.0,160.0,70,13.0,140.0,80,6.0,7.0,3,0.8,4,0
42,200,510,4400.0,0,0,5,240.0,130,40.0,310.0,140,27.0,320.0,150,14.0,17.0,12,4.0,5,0
8,45,415,1800.0,0,1,35,210.0,110,32.0,240.0,115,21.0,230.0,120,11.0,13.0,8,3.0,6,0
49,230,408,5000.0,0,0,0,270.0,160,48.0,350.0,160,30.0,360.0,160,16.0,19.0,17,5.0,7,0
1,10,510,500.0,1,1,45,300.0,140,50.0,350.0,150,30.0,360.0,160,16.0,19.0,17,5.0,8,0
20,90,415,2800.0,0,0,5,140.0,80,22.0,170.0,85,15.0,160.0,95,8.0,9.0,4,1.0,9,0
12,70,415,2100.0,0,1,3,120.4,90,25.3,150.2,80,12.5,180.7,95,8.2,11.0,4,2.5,1,0
38,190,510,3200.0,1,0,0,200.1,110,35.0,220.5,120,18.0,250.3,140,10.0,12.9,6,3.0,0,0
5,45,408,800.0,0,0,10,60.5,30,12.0,80.0,50,8.0,90.0,60,4.5,5.0,2,1.0,2,0
47,210,415,4800.0,0,1,0,300.0,140,48.0,320.0,140,25.0,350.0,150,15.0,18.0,12,4.5,3,1
23,110,510,2600.0,0,0,5,170.0,95,28.0,190.0,100,15.0,200.0,110,9.0,12.0,5,2.0,1,0
30,140,408,3500.0,1,0,2,210.0,120,32.0,250.0,115,20.0,260.0,130,11.0,14.0,7,3.5,0,0
8,60,510,1500.0,0,1,8,90.0,70,18.0,120.0,70,10.0,110.0,80,6.0,9.0,3,1.5,4,0
41,200,415,4600.0,0,0,1,280.0,130,40.0,310.0,130,23.0,330.0,140,13.0,17.0,9,4.0,2,0
19,90,408,2200.0,0,0,4,140.0,80,22.0,170.0,90,14.0,190.0,100,7.0,10.0,4,2.0,5,0
27,120,510,2800.0,0,1,6,160.0,100,26.0,200.0,110,16.0,210.0,120,9.0,13.0,6,2.5,0,0
2,15,415,600.0,0,0,12,30.0,20,5.0,60.0,40,6.0,70.0,30,2.0,3.0,1,0.5,6,0
35,170,408,4000.0,1,0,0,240.0,110,38.0,280.0,120,21.0,300.0,140,12.0,16.0,8,3.8,1,0
46,210,415,4700.0,0,0,0,310.0,140,48.0,330.0,140,24.0,350.0,150,15.0,18.0,10,4.5,2,1
9,55,510,1200.0,0,0,7,90.0,60,15.0,110.0,70,11.0,120.0,80,6.0,9.0,3,1.5,3,0
31,140,408,3300.0,0,1,1,200.0,110,33.0,240.0,115,18.0,280.0,130,12.0,14.0,6,3.0,1,0
20,95,415,2100.0,0,0,4,140.0,80,22.0,170.0,90,14.0,190.0,100,7.0,10.0,4,2.0,4,0
37,180,510,4100.0,0,0,0,260.0,130,42.0,300.0,130,22.0,320.0,140,13.0,16.0,8,3.8,0,0
1,10,408,500.0,0,0,20,20.0,15,3.0,30.0,35,4.0,50.0,20,1.0,2.0,0,0.3,8,0
24,115,415,2700.0,0,1,3,160.0,90,25.0,190.0,100,15.0,210.0,110,9.0,12.0,5,2.5,2,0
42,200,510,4800.0,0,0,0,310.0,150,48.0,340.0,140,26.0,360.0,155,15.5,18.5,10,4.8,0,1
15,70,408,1900.0,0,0,6,120.0,70,20.0,140.0,80,12.0,160.0,90,6.5,9.5,3,1.8,3,0
29,150,415,3100.0,0,1,2,200.0,110,30.0,230.0,110,18.0,250.0,120,10.0,13.0,6,3.0,1,0
5,40,510,800.0,0,0,10,70.0,30,12.0,80.0,50,8.0,90.0,60,4.5,5.0,2,1.0,2,0
13,95,408,1900.0,0,1,4,140.0,80,22.0,170.0,90,14.0,190.0,100,7.0,10.0,4,2.0,3,0
11,70,510,1500.0,0,0,7,90.0,60,15.0,110.0,70,11.0,120.0,80,6.0,9.0,3,1.5,3,0
26,130,408,2600.0,0,1,3,170.0,90,28.0,190.0,100,15.0,210.0,110,9.0,12.0,5,2.5,2,0
40,190,510,4600.0,0,0,0,280.0,120,45.0,310.0,130,22.0,320.0,140,13.0,16.0,8,3.8,0,0
2,15,415,600.0,0,0,15,40.0,25,8.0,60.0,45,7.0,80.0,40,3.0,4.0,1,0.8,6,0
32,150,510,3200.0,0,1,2,210.0,110,30.0,230.0,110,18.0,250.0,120,10.0,13.0,6,3.0,1,0
19,80,408,2000.0,0,0,3,130.0,70,18.0,150.0,90,13.0,170.0,100,7.0,11.0,4,2.0,5,0
44,210,415,4700.0,0,0,0,310.0,140,48.0,330.0,140,24.0,350.0,150,15.0,18.0,10,4.5,2,1
12,87,415,3120.0,0,0,3,190.4,120,28.3,210.5,110,18.2,220.7,95,8.9,11.5,5,3.1,1,0
47,150,408,4100.0,0,1,0,160.2,140,30.16,180.3,90,15.4,190.0,110,10.2,9.8,7,2.5,0,0
35,200,415,2200.0,1,0,12,250.6,155,45.0,300.0,140,22.0,310.0,150,12.0,15.0,12,4.5,2,1
5,60,510,1800.0,0,0,0,120.5,80,20.0,140.0,70,12.5,160.0,70,6.0,8.0,4,1.8,3,0
28,90,408,3000.0,0,1,5,170.0,110,25.0,190.0,95,16.0,200.0,90,9.0,10.0,6,2.0,1,0
42,120,415,4000.0,0,0,0,220.0,130,35.0,260.0,120,20.0,280.0,120,11.0,13.0,9,3.5,0,0
18,45,510,1500.0,0,0,0,140.0,70,22.0,170.0,80,14.0,180.0,80,7.0,9.0,5,2.2,4,0
50,210,408,4800.0,1,1,20,300.0,160,50.0,330.0,150,28.0,350.0,140,15.0,18.0,15,5.0,2,1
7,30,415,800.0,0,0,0,100.0,50,15.0,120.0,60,10.0,140.0,60,5.0,7.0,3,1.5,0,0
23,110,510,2200.0,0,1,8,180.0,120,30.0,200.0,110,18.0,220.0,110,10.0,12.0,8,3.0,1,0
30,140,408,3500.0,0,0,0,210.0,140,40.0,250.0,130,22.0,300.0,130,12.0,14.0,10,4.0,2,0
15,55,415,1200.0,0,0,0,130.0,80,20.0,150.0,80,13.0,170.0,90,7.0,9.0,5,2.0,3,0
38,190,510,4200.0,0,1,18,240.0,150,44.0,280.0,140,26.0,330.0,140,13.5,16.5,12,4.8,0,0
1,10,415,300.0,0,0,0,70.0,30,8.0,70.0,40,6.0,80.0,40,3.0,5.0,2,1.0,8,0
49,220,408,4900.0,1,1,30,330.0,160,52.0,350.0,160,29.0,360.0,160,15.5,18.5,16,5.1,2,1
6,35,415,700.0,0,0,0,100.0,50,15.0,120.0,60,10.0,140.0,60,6.0,8.0,4,2.0,0,0
24,130,510,2600.0,0,1,12,190.0,110,30.0,210.0,100,18.0,230.0,110,9.0,12.0,8,3.0,1,0
34,140,408,3800.0,0,0,0,240.0,140,40.0,260.0,130,22.0,310.0,130,12.0,14.0,10,4.0,2,0
19,70,415,1600.0,0,0,0,150.0,90,25.0,170.0,90,16.0,190.0,90,8.0,10.0,6,2.5,3,0
41,190,510,4300.0,0,1,20,260.0,150,45.0,280.0,140,25.0,330.0,140,13.0,16.0,12,4.5,0,0
8,55,415,1100.0,0,0,0,120.0,80,20.0,140.0,80,13.0,170.0,80,7.0,9.0,5,2.0,4,0
37,210,408,4600.0,1,1,28,310.0,160,53.0,340.0,160,29.0,360.0,160,15.5,18.5,16,5.0,1,1
3,15,415,400.0,0,0,0,80.0,40,12.0,90.0,50,8.0,110.0,50,4.0,7.0,3,1.5,5,0
26,170,510,3100.0,0,1,10,200.0,120,30.0,210.0,110,18.0,240.0,110,10.0,12.0,8,3.0,0,0
44,230,408,4800.0,0,0,0,300.0,160,50.0,330.0,150,28.0,350.0,140,15.0,18.0,15,5.0,2,0
12,45,415,900.0,0,0,0,110.0,70,18.0,130.0,70,12.0,150.0,70,6.0,8.0,4,2.0,6,0
29,140,510,2600.0,0,1,12,190.0,110,30.0,210.0,100,18.0,230.0,110,9.0,12.0,8,3.0,1,0
32,160,408,4000.0,0,0,0,250.0,140,42.0,300.0,140,24.0,330.0,140,13.0,15.0,11,4.0,2,0
10,50,415,1200.0,0,0,0,140.0,90,22.0,150.0,80,13.0,170.0,90,7.0,9.0,5,2.0,3,0
23,110,510,2100.0,0,1,8,180.0,120,30.0,200.0,100,18.0,220.0,110,10.0,12.0,8,3.0,1,0
2,20,415,400.0,0,0,0,80.0,40,10.0,90.0,50,8.0,110.0,50,4.0,7.0,3,1.5,5,0
27,170,408,3600.0,0,0,0,260.0,160,48.0,310.0,150,27.0,340.0,150,14.0,17.0,13,5.0,1,0
45,210,415,4700.0,1,1,25,320.0,170,55.0,340.0,160,30.0,360.0,160,16.0,19.0,17,5.2,0,1
11,40,510,900.0,0,0,0,110.0,70,18.0,130.0,70,12.0,150.0,70,6.0,8.0,4,2.0,6,0
39,200,408,4100.0,0,0,0,280.0,140,42.0,300.0,140,24.0,330.0,140,13.0,15.0,11,4.0,2,0
4,25,415,500.0,0,0,0,90.0,45,12.0,100.0,55,9.0,110.0,55,4.0,7.0,3,1.5,7,0
31,160,510,2800.0,0,1,15,190.0,120,32.0,220.0,110,19.0,240.0,110,10.0,12.0,8,3.0,0,0
